#
# There is insufficient memory for the Java Runtime Environment to continue.
# Native memory allocation (malloc) failed to allocate 973464 bytes. Error detail: Chunk::new
# Possible reasons:
#   The system is out of physical RAM or swap space
#   This process is running with CompressedOops enabled, and the Java Heap may be blocking the growth of the native heap
# Possible solutions:
#   Reduce memory load on the system
#   Increase physical memory or swap space
#   Check if swap backing store is full
#   Decrease Java heap size (-Xmx/-Xms)
#   Decrease number of Java threads
#   Decrease Java thread stack sizes (-Xss)
#   Set larger code cache with -XX:ReservedCodeCacheSize=
#   JVM is running with Unscaled Compressed Oops mode in which the Java heap is
#     placed in the first 4GB address space. The Java Heap base address is the
#     maximum limit for the native heap growth. Please use -XX:HeapBaseMinAddress
#     to set the Java Heap base and to place the Java Heap above 4GB virtual address.
# This output file may be truncated or incomplete.
#
#  Out of Memory Error (arena.cpp:186), pid=1848, tid=16944
#
# JRE version: OpenJDK Runtime Environment Temurin-25.0.3+9 (25.0.3+9) (build 25.0.3+9-LTS)
# Java VM: OpenJDK 64-Bit Server VM Temurin-25.0.3+9 (25.0.3+9-LTS, mixed mode, sharing, tiered, compressed oops, compressed class ptrs, g1 gc, windows-amd64)
# No core dump will be written. Minidumps are not enabled by default on client versions of Windows
#

---------------  S U M M A R Y ------------

Command Line: --add-opens=java.base/java.lang=ALL-UNNAMED --add-opens=java.base/java.lang.invoke=ALL-UNNAMED --add-opens=java.base/java.util=ALL-UNNAMED --add-opens=java.prefs/java.util.prefs=ALL-UNNAMED --add-exports=jdk.compiler/com.sun.tools.javac.api=ALL-UNNAMED --add-exports=jdk.compiler/com.sun.tools.javac.util=ALL-UNNAMED --add-opens=java.base/java.util=ALL-UNNAMED --add-opens=java.prefs/java.util.prefs=ALL-UNNAMED --add-opens=java.base/java.nio.charset=ALL-UNNAMED --add-opens=java.base/java.net=ALL-UNNAMED --add-opens=java.base/java.util.concurrent=ALL-UNNAMED --add-opens=java.base/java.util.concurrent.atomic=ALL-UNNAMED --add-opens=java.xml/javax.xml.namespace=ALL-UNNAMED --add-opens=java.base/java.time=ALL-UNNAMED --enable-native-access=ALL-UNNAMED -XX:MaxMetaspaceSize=384m -XX:+HeapDumpOnOutOfMemoryError -Xms256m -Xmx512m -Dfile.encoding=UTF-8 -Duser.country=DE -Duser.language=de -Duser.variant -javaagent:C:\Users\ThinkPad\.gradle\wrapper\dists\gradle-9.2.0-bin\11i5gvueggl8a5cioxuftxrik\gradle-9.2.0\lib\agents\gradle-instrumentation-agent-9.2.0.jar org.gradle.launcher.daemon.bootstrap.GradleDaemon 9.2.0

Host: Intel(R) Core(TM) i7-6600U CPU @ 2.60GHz, 4 cores, 15G,  Windows 10 , 64 bit Build 19041 (10.0.19041.5915)
Time: Fri Jul 10 22:12:05 2026 Südostasiatische Normalzeit elapsed time: 9987.118349 seconds (0d 2h 46m 27s)

---------------  T H R E A D  ---------------

Current thread (0x00000115e1aa6660):  JavaThread "C2 CompilerThread0" daemon [_thread_in_native, id=16944, stack(0x00000006a1c00000,0x00000006a1d00000) (1024K)]


Current CompileTask:
C2:9987118 22804       4       jdk.internal.classfile.impl.DirectMethodBuilder::withCode (22 bytes)

Stack: [0x00000006a1c00000,0x00000006a1d00000]
Native frames: (J=compiled Java code, j=interpreted, Vv=VM code, C=native code)
V  [jvm.dll+0x7aa709]  (no source info available)
V  [jvm.dll+0x7749ed]  (no source info available)
V  [jvm.dll+0x9f7433]  (no source info available)
V  [jvm.dll+0x9f9a21]  (no source info available)
V  [jvm.dll+0x9fa133]  (no source info available)
V  [jvm.dll+0x2fd266]  (no source info available)
V  [jvm.dll+0x1113c6]  (no source info available)
V  [jvm.dll+0x1116ee]  (no source info available)
V  [jvm.dll+0x1a0342]  (no source info available)
V  [jvm.dll+0x3b67e2]  (no source info available)
V  [jvm.dll+0x7b007c]  (no source info available)
V  [jvm.dll+0x2c0847]  (no source info available)
V  [jvm.dll+0x2bf80f]  (no source info available)
V  [jvm.dll+0x2374a0]  (no source info available)
V  [jvm.dll+0x2cf906]  (no source info available)
V  [jvm.dll+0x2cdb8a]  (no source info available)
V  [jvm.dll+0x49070e]  (no source info available)
V  [jvm.dll+0x99894d]  (no source info available)
V  [jvm.dll+0x7a8ce5]  (no source info available)
C  [ucrtbase.dll+0x21bb2]  (no source info available)
C  [KERNEL32.DLL+0x17374]  (no source info available)
C  [ntdll.dll+0x4cc91]  (no source info available)

Lock stack of current Java thread (top to bottom):


---------------  P R O C E S S  ---------------

Threads class SMR info:
_java_thread_list=0x0000011584cc6530, length=46, elements={
0x00000115c4dd70f0, 0x00000115c70cca70, 0x00000115c70cf8e0, 0x00000115c70d24c0,
0x00000115c70d3490, 0x00000115c70d4050, 0x00000115c70d4c10, 0x00000115e1aa6660,
0x00000115c70db0a0, 0x00000115e1dbec00, 0x00000115e1d15ae0, 0x00000115e795e580,
0x00000115e7cb62c0, 0x00000115e7c8d030, 0x00000115e78e2ea0, 0x00000115e78df020,
0x00000115e78e1730, 0x00000115e839e760, 0x00000115e83a06a0, 0x00000115e83a3d50,
0x00000115e8703170, 0x00000115eb716e80, 0x00000115e78e3e40, 0x00000115e78e0790,
0x00000115eb71c470, 0x00000115eb71cc40, 0x00000115eb71d410, 0x00000115e84d5d80,
0x00000115eb0ed830, 0x00000115eb714770, 0x0000011590d90a50, 0x00000115917e3db0,
0x00000115917ebab0, 0x00000115eb717e20, 0x00000115eb713fa0, 0x00000115eb71a530,
0x00000115eb719590, 0x00000115eb715710, 0x00000115eb713000, 0x00000115eb71f350,
0x00000115eb71b4d0, 0x00000115917e8400, 0x00000115917ea340, 0x00000115917eb2e0,
0x00000115917e7c30, 0x00000115917e8bd0
}

Java Threads: ( => current thread )
  0x00000115c4dd70f0 JavaThread "main"                              [_thread_blocked, id=1376, stack(0x00000006a0e00000,0x00000006a0f00000) (1024K)]
  0x00000115c70cca70 JavaThread "Reference Handler"          daemon [_thread_blocked, id=23632, stack(0x00000006a1600000,0x00000006a1700000) (1024K)]
  0x00000115c70cf8e0 JavaThread "Finalizer"                  daemon [_thread_blocked, id=23820, stack(0x00000006a1700000,0x00000006a1800000) (1024K)]
  0x00000115c70d24c0 JavaThread "Signal Dispatcher"          daemon [_thread_blocked, id=19068, stack(0x00000006a1800000,0x00000006a1900000) (1024K)]
  0x00000115c70d3490 JavaThread "Attach Listener"            daemon [_thread_blocked, id=16600, stack(0x00000006a1900000,0x00000006a1a00000) (1024K)]
  0x00000115c70d4050 JavaThread "Service Thread"             daemon [_thread_blocked, id=19888, stack(0x00000006a1a00000,0x00000006a1b00000) (1024K)]
  0x00000115c70d4c10 JavaThread "Monitor Deflation Thread"   daemon [_thread_blocked, id=21600, stack(0x00000006a1b00000,0x00000006a1c00000) (1024K)]
=>0x00000115e1aa6660 JavaThread "C2 CompilerThread0"         daemon [_thread_in_native, id=16944, stack(0x00000006a1c00000,0x00000006a1d00000) (1024K)]
  0x00000115c70db0a0 JavaThread "C1 CompilerThread0"         daemon [_thread_blocked, id=17308, stack(0x00000006a1d00000,0x00000006a1e00000) (1024K)]
  0x00000115e1dbec00 JavaThread "Common-Cleaner"             daemon [_thread_blocked, id=8044, stack(0x00000006a1e00000,0x00000006a1f00000) (1024K)]
  0x00000115e1d15ae0 JavaThread "Notification Thread"        daemon [_thread_blocked, id=17256, stack(0x00000006a1f00000,0x00000006a2000000) (1024K)]
  0x00000115e795e580 JavaThread "Daemon health stats"               [_thread_blocked, id=23548, stack(0x00000006a2400000,0x00000006a2500000) (1024K)]
  0x00000115e7cb62c0 JavaThread "Incoming local TCP Connector on port 60946"        [_thread_in_native, id=7124, stack(0x00000006a2500000,0x00000006a2600000) (1024K)]
  0x00000115e7c8d030 JavaThread "Daemon periodic checks"            [_thread_blocked, id=7928, stack(0x00000006a2600000,0x00000006a2700000) (1024K)]
  0x00000115e78e2ea0 JavaThread "Cache worker for journal cache (C:\Users\ThinkPad\.gradle\caches\journal-1)"        [_thread_blocked, id=1152, stack(0x00000006a2e00000,0x00000006a2f00000) (1024K)]
  0x00000115e78df020 JavaThread "File lock request listener"        [_thread_in_native, id=9448, stack(0x00000006a2f00000,0x00000006a3000000) (1024K)]
  0x00000115e78e1730 JavaThread "Cache worker for file hash cache (C:\Users\ThinkPad\.gradle\caches\9.2.0\fileHashes)"        [_thread_blocked, id=18252, stack(0x00000006a3000000,0x00000006a3100000) (1024K)]
  0x00000115e839e760 JavaThread "Cache worker for file content cache (C:\Users\ThinkPad\.gradle\caches\9.2.0\fileContent)"        [_thread_blocked, id=24160, stack(0x00000006a3400000,0x00000006a3500000) (1024K)]
  0x00000115e83a06a0 JavaThread "File watcher server"        daemon [_thread_in_native, id=10408, stack(0x00000006a3500000,0x00000006a3600000) (1024K)]
  0x00000115e83a3d50 JavaThread "File watcher consumer"      daemon [_thread_blocked, id=19732, stack(0x00000006a3600000,0x00000006a3700000) (1024K)]
  0x00000115e8703170 JavaThread "Memory manager"                    [_thread_blocked, id=6616, stack(0x00000006a3d00000,0x00000006a3e00000) (1024K)]
  0x00000115eb716e80 JavaThread "Cache worker for Java compile cache (C:\Users\ThinkPad\.gradle\caches\9.2.0\javaCompile)"        [_thread_blocked, id=20584, stack(0x00000006a5100000,0x00000006a5200000) (1024K)]
  0x00000115e78e3e40 JavaThread "Daemon Thread 4"                   [_thread_blocked, id=25540, stack(0x00000006a0b00000,0x00000006a0c00000) (1024K)]
  0x00000115e78e0790 JavaThread "Daemon worker Thread 4"            [_thread_in_vm, id=21556, stack(0x00000006a2000000,0x00000006a2100000) (1024K)]
  0x00000115eb71c470 JavaThread "jar transforms"                    [_thread_blocked, id=23276, stack(0x00000006a2c00000,0x00000006a2d00000) (1024K)]
  0x00000115eb71cc40 JavaThread "jar transforms Thread 2"           [_thread_blocked, id=700, stack(0x00000006a2d00000,0x00000006a2e00000) (1024K)]
  0x00000115eb71d410 JavaThread "jar transforms Thread 3"           [_thread_blocked, id=2616, stack(0x00000006a3100000,0x00000006a3200000) (1024K)]
  0x00000115e84d5d80 JavaThread "jar transforms Thread 4"           [_thread_blocked, id=22024, stack(0x00000006a3900000,0x00000006a3a00000) (1024K)]
  0x00000115eb0ed830 JavaThread "ForkJoinPool.commonPool-worker-4" daemon [_thread_blocked, id=17212, stack(0x00000006a3800000,0x00000006a3900000) (1024K)]
  0x00000115eb714770 JavaThread "ForkJoinPool.commonPool-worker-5" daemon [_thread_blocked, id=23812, stack(0x00000006a3f00000,0x00000006a4000000) (1024K)]
  0x0000011590d90a50 JavaThread "ForkJoinPool.commonPool-worker-6" daemon [_thread_blocked, id=7860, stack(0x00000006a4000000,0x00000006a4100000) (1024K)]
  0x00000115917e3db0 JavaThread "included builds"                   [_thread_blocked, id=16824, stack(0x00000006a4800000,0x00000006a4900000) (1024K)]
  0x00000115917ebab0 JavaThread "VFS cleanup Thread 4"              [_thread_blocked, id=4796, stack(0x00000006a2700000,0x00000006a2800000) (1024K)]
  0x00000115eb717e20 JavaThread "File lock release action executor"        [_thread_blocked, id=9984, stack(0x00000006a0c00000,0x00000006a0d00000) (1024K)]
  0x00000115eb713fa0 JavaThread "Handler for socket connection from /127.0.0.1:60946 to /127.0.0.1:63620"        [_thread_in_native, id=17732, stack(0x00000006a0d00000,0x00000006a0e00000) (1024K)]
  0x00000115eb71a530 JavaThread "Cancel handler"                    [_thread_blocked, id=3452, stack(0x00000006a2800000,0x00000006a2900000) (1024K)]
  0x00000115eb719590 JavaThread "Asynchronous log dispatcher for DefaultDaemonConnection: socket connection from /127.0.0.1:60946 to /127.0.0.1:63620"        [_thread_blocked, id=13704, stack(0x00000006a2900000,0x00000006a2a00000) (1024K)]
  0x00000115eb715710 JavaThread "Stdin handler"                     [_thread_blocked, id=17008, stack(0x00000006a2a00000,0x00000006a2b00000) (1024K)]
  0x00000115eb713000 JavaThread "Daemon client event forwarder"        [_thread_blocked, id=14304, stack(0x00000006a2b00000,0x00000006a2c00000) (1024K)]
  0x00000115eb71f350 JavaThread "Cache worker for file hash cache (D:\DEV\kufayeka\nexa-framework\.gradle\9.2.0\fileHashes)"        [_thread_blocked, id=1504, stack(0x00000006a3200000,0x00000006a3300000) (1024K)]
  0x00000115eb71b4d0 JavaThread "Cache worker for Build Output Cleanup Cache (D:\DEV\kufayeka\nexa-framework\.gradle\buildOutputCleanup)"        [_thread_blocked, id=13516, stack(0x00000006a3300000,0x00000006a3400000) (1024K)]
  0x00000115917e8400 JavaThread "Cache worker for checksums cache (D:\DEV\kufayeka\nexa-framework\.gradle\9.2.0\checksums)"        [_thread_blocked, id=19760, stack(0x00000006a3700000,0x00000006a3800000) (1024K)]
  0x00000115917ea340 JavaThread "Cache worker for cache directory md-supplier (C:\Users\ThinkPad\.gradle\caches\9.2.0\md-supplier)"        [_thread_blocked, id=9432, stack(0x00000006a3a00000,0x00000006a3b00000) (1024K)]
  0x00000115917eb2e0 JavaThread "Cache worker for cache directory md-rule (C:\Users\ThinkPad\.gradle\caches\9.2.0\md-rule)"        [_thread_blocked, id=7468, stack(0x00000006a3b00000,0x00000006a3c00000) (1024K)]
  0x00000115917e7c30 JavaThread "Unconstrained build operations"        [_thread_blocked, id=7184, stack(0x00000006a3c00000,0x00000006a3d00000) (1024K)]
  0x00000115917e8bd0 JavaThread "Unconstrained build operations Thread 2"        [_thread_blocked, id=27556, stack(0x00000006a3e00000,0x00000006a3f00000) (1024K)]
Total: 46

Other Threads:
  0x00000115c70bbd80 VMThread "VM Thread"                           [id=10744, stack(0x00000006a1500000,0x00000006a1600000) (1024K)]
  0x00000115e1a9a0c0 WatcherThread "VM Periodic Task Thread"        [id=20160, stack(0x00000006a1400000,0x00000006a1500000) (1024K)]
  0x00000115c704d0b0 WorkerThread "GC Thread#0"                     [id=2772, stack(0x00000006a0f00000,0x00000006a1000000) (1024K)]
  0x00000115e64f9d10 WorkerThread "GC Thread#1"                     [id=20108, stack(0x00000006a2100000,0x00000006a2200000) (1024K)]
  0x00000115e64fa140 WorkerThread "GC Thread#2"                     [id=5104, stack(0x00000006a2200000,0x00000006a2300000) (1024K)]
  0x00000115e64fa570 WorkerThread "GC Thread#3"                     [id=19968, stack(0x00000006a2300000,0x00000006a2400000) (1024K)]
  0x00000115c7054180 ConcurrentGCThread "G1 Main Marker"            [id=22456, stack(0x00000006a1000000,0x00000006a1100000) (1024K)]
  0x00000115c7056eb0 WorkerThread "G1 Conc#0"                       [id=23304, stack(0x00000006a1100000,0x00000006a1200000) (1024K)]
  0x00000115c709b4d0 ConcurrentGCThread "G1 Refine#0"               [id=13760, stack(0x00000006a1200000,0x00000006a1300000) (1024K)]
  0x00000115c709dff0 ConcurrentGCThread "G1 Service"                [id=8236, stack(0x00000006a1300000,0x00000006a1400000) (1024K)]
Total: 10

Threads with active compile tasks:
C2 CompilerThread0  9987297 22804       4       jdk.internal.classfile.impl.DirectMethodBuilder::withCode (22 bytes)
Total: 1

VM state: not at safepoint (normal execution)

VM Mutex/Monitor currently owned by a thread: None

Heap address: 0x00000000e0000000, size: 512 MB, Compressed Oops mode: 32-bit

CDS archive(s) mapped at: [0x00000000c6000000-0x00000000c6dd0000-0x00000000c6dd0000), size 14483456, SharedBaseAddress: 0x00000000c6000000, ArchiveRelocationMode: 1.
Compressed class space mapped at: 0x00000000c7000000-0x00000000db000000, reserved size: 335544320
UseCompressedClassPointers 1, UseCompactObjectHeaders 0
Narrow klass pointer bits 32, Max shift 3
Narrow klass base: 0x00000000c6000000, Narrow klass shift: 0
Encoding Range: [0x00000000c6000000 - 0x00000001c6000000), (4294967296 bytes)
Klass Range:    [0x00000000c6010000 - 0x00000000db000000), (352256000 bytes)
Klass ID Range:  [65536 - 352321529) (352255993)
Protection zone: [0x00000000c6000000 - 0x00000000c6010000), (65536 bytes)

GC Precious Log:
 CardTable entry size: 512
 Card Set container configuration: InlinePtr #cards 5 size 8 Array Of Cards #cards 10 size 36 Howl #buckets 4 coarsen threshold 1843 Howl Bitmap #cards 512 size 80 coarsen threshold 460 Card regions per heap region 1 cards per card region 2048
 CPUs: 4 total, 4 available
 Memory: 16251M
 Large Page Support: Disabled
 NUMA Support: Disabled
 Compressed Oops: Enabled (32-bit)
 Heap Region Size: 1M
 Heap Min Capacity: 256M
 Heap Initial Capacity: 256M
 Heap Max Capacity: 512M
 Pre-touch: Disabled
 Parallel Workers: 4
 Concurrent Workers: 1
 Concurrent Refinement Workers: 4
 Periodic GC: Disabled

Heap:
 garbage-first heap   total reserved 524288K, committed 290816K, used 179712K [0x00000000e0000000, 0x0000000100000000)
  region size 1024K, 32 young (32768K), 6 survivors (6144K)

Heap Regions: E=young(eden), S=young(survivor), O=old, HS=humongous(starts), HC=humongous(continues), CS=collection set, F=free, TAMS=top-at-mark-start, PB=parsable bottom
|   0|0x00000000e0000000, 0x00000000e0100000, 0x00000000e0100000|100%| O|  |TAMS 0x00000000e0000000| PB 0x00000000e0000000| Untracked |  0
|   1|0x00000000e0100000, 0x00000000e0200000, 0x00000000e0200000|100%|HS|  |TAMS 0x00000000e0100000| PB 0x00000000e0100000| Complete |  0
|   2|0x00000000e0200000, 0x00000000e0300000, 0x00000000e0300000|100%|HC|  |TAMS 0x00000000e0200000| PB 0x00000000e0200000| Complete |  0
|   3|0x00000000e0300000, 0x00000000e0400000, 0x00000000e0400000|100%|HC|  |TAMS 0x00000000e0300000| PB 0x00000000e0300000| Complete |  0
|   4|0x00000000e0400000, 0x00000000e0500000, 0x00000000e0500000|100%|HC|  |TAMS 0x00000000e0400000| PB 0x00000000e0400000| Complete |  0
|   5|0x00000000e0500000, 0x00000000e0600000, 0x00000000e0600000|100%|HS|  |TAMS 0x00000000e0500000| PB 0x00000000e0500000| Complete |  0
|   6|0x00000000e0600000, 0x00000000e0700000, 0x00000000e0700000|100%| O|  |TAMS 0x00000000e0600000| PB 0x00000000e0600000| Untracked |  0
|   7|0x00000000e0700000, 0x00000000e0800000, 0x00000000e0800000|100%| O|  |TAMS 0x00000000e0700000| PB 0x00000000e0700000| Untracked |  0
|   8|0x00000000e0800000, 0x00000000e0900000, 0x00000000e0900000|100%| O|  |TAMS 0x00000000e0800000| PB 0x00000000e0800000| Untracked |  0
|   9|0x00000000e0900000, 0x00000000e0a00000, 0x00000000e0a00000|100%| O|  |TAMS 0x00000000e0900000| PB 0x00000000e0900000| Untracked |  0
|  10|0x00000000e0a00000, 0x00000000e0b00000, 0x00000000e0b00000|100%| O|  |TAMS 0x00000000e0a00000| PB 0x00000000e0a00000| Untracked |  0
|  11|0x00000000e0b00000, 0x00000000e0c00000, 0x00000000e0c00000|100%| O|  |TAMS 0x00000000e0b00000| PB 0x00000000e0b00000| Untracked |  0
|  12|0x00000000e0c00000, 0x00000000e0d00000, 0x00000000e0d00000|100%| O|  |TAMS 0x00000000e0c00000| PB 0x00000000e0c00000| Untracked |  0
|  13|0x00000000e0d00000, 0x00000000e0e00000, 0x00000000e0e00000|100%| O|  |TAMS 0x00000000e0d00000| PB 0x00000000e0d00000| Untracked |  0
|  14|0x00000000e0e00000, 0x00000000e0f00000, 0x00000000e0f00000|100%| O|  |TAMS 0x00000000e0e00000| PB 0x00000000e0e00000| Untracked |  0
|  15|0x00000000e0f00000, 0x00000000e1000000, 0x00000000e1000000|100%| O|  |TAMS 0x00000000e0f00000| PB 0x00000000e0f00000| Untracked |  0
|  16|0x00000000e1000000, 0x00000000e1100000, 0x00000000e1100000|100%| O|  |TAMS 0x00000000e1000000| PB 0x00000000e1000000| Untracked |  0
|  17|0x00000000e1100000, 0x00000000e1200000, 0x00000000e1200000|100%| O|  |TAMS 0x00000000e1100000| PB 0x00000000e1100000| Untracked |  0
|  18|0x00000000e1200000, 0x00000000e1300000, 0x00000000e1300000|100%| O|  |TAMS 0x00000000e1200000| PB 0x00000000e1200000| Untracked |  0
|  19|0x00000000e1300000, 0x00000000e1400000, 0x00000000e1400000|100%| O|  |TAMS 0x00000000e1300000| PB 0x00000000e1300000| Untracked |  0
|  20|0x00000000e1400000, 0x00000000e1500000, 0x00000000e1500000|100%| O|  |TAMS 0x00000000e1400000| PB 0x00000000e1400000| Untracked |  0
|  21|0x00000000e1500000, 0x00000000e1600000, 0x00000000e1600000|100%| O|  |TAMS 0x00000000e1500000| PB 0x00000000e1500000| Untracked |  0
|  22|0x00000000e1600000, 0x00000000e1700000, 0x00000000e1700000|100%| O|  |TAMS 0x00000000e1600000| PB 0x00000000e1600000| Untracked |  0
|  23|0x00000000e1700000, 0x00000000e1800000, 0x00000000e1800000|100%| O|  |TAMS 0x00000000e1700000| PB 0x00000000e1700000| Untracked |  0
|  24|0x00000000e1800000, 0x00000000e1900000, 0x00000000e1900000|100%| O|  |TAMS 0x00000000e1800000| PB 0x00000000e1800000| Untracked |  0
|  25|0x00000000e1900000, 0x00000000e1a00000, 0x00000000e1a00000|100%| O|  |TAMS 0x00000000e1900000| PB 0x00000000e1900000| Untracked |  0
|  26|0x00000000e1a00000, 0x00000000e1b00000, 0x00000000e1b00000|100%| O|  |TAMS 0x00000000e1a00000| PB 0x00000000e1a00000| Untracked |  0
|  27|0x00000000e1b00000, 0x00000000e1c00000, 0x00000000e1c00000|100%| O|  |TAMS 0x00000000e1b00000| PB 0x00000000e1b00000| Untracked |  0
|  28|0x00000000e1c00000, 0x00000000e1d00000, 0x00000000e1d00000|100%| O|  |TAMS 0x00000000e1c00000| PB 0x00000000e1c00000| Untracked |  0
|  29|0x00000000e1d00000, 0x00000000e1e00000, 0x00000000e1e00000|100%| O|  |TAMS 0x00000000e1d00000| PB 0x00000000e1d00000| Untracked |  0
|  30|0x00000000e1e00000, 0x00000000e1f00000, 0x00000000e1f00000|100%| O|  |TAMS 0x00000000e1e00000| PB 0x00000000e1e00000| Untracked |  0
|  31|0x00000000e1f00000, 0x00000000e2000000, 0x00000000e2000000|100%| O|  |TAMS 0x00000000e1f00000| PB 0x00000000e1f00000| Untracked |  0
|  32|0x00000000e2000000, 0x00000000e2100000, 0x00000000e2100000|100%| O|  |TAMS 0x00000000e2000000| PB 0x00000000e2000000| Untracked |  0
|  33|0x00000000e2100000, 0x00000000e2200000, 0x00000000e2200000|100%| O|  |TAMS 0x00000000e2100000| PB 0x00000000e2100000| Untracked |  0
|  34|0x00000000e2200000, 0x00000000e2300000, 0x00000000e2300000|100%| O|  |TAMS 0x00000000e2200000| PB 0x00000000e2200000| Untracked |  0
|  35|0x00000000e2300000, 0x00000000e2400000, 0x00000000e2400000|100%| O|  |TAMS 0x00000000e2300000| PB 0x00000000e2300000| Untracked |  0
|  36|0x00000000e2400000, 0x00000000e2500000, 0x00000000e2500000|100%| O|  |TAMS 0x00000000e2400000| PB 0x00000000e2400000| Untracked |  0
|  37|0x00000000e2500000, 0x00000000e2600000, 0x00000000e2600000|100%| O|  |TAMS 0x00000000e2500000| PB 0x00000000e2500000| Untracked |  0
|  38|0x00000000e2600000, 0x00000000e2700000, 0x00000000e2700000|100%| O|  |TAMS 0x00000000e2600000| PB 0x00000000e2600000| Untracked |  0
|  39|0x00000000e2700000, 0x00000000e2800000, 0x00000000e2800000|100%| O|  |TAMS 0x00000000e2700000| PB 0x00000000e2700000| Untracked |  0
|  40|0x00000000e2800000, 0x00000000e2900000, 0x00000000e2900000|100%| O|  |TAMS 0x00000000e2800000| PB 0x00000000e2800000| Untracked |  0
|  41|0x00000000e2900000, 0x00000000e2a00000, 0x00000000e2a00000|100%| O|  |TAMS 0x00000000e2900000| PB 0x00000000e2900000| Untracked |  0
|  42|0x00000000e2a00000, 0x00000000e2b00000, 0x00000000e2b00000|100%| O|  |TAMS 0x00000000e2a00000| PB 0x00000000e2a00000| Untracked |  0
|  43|0x00000000e2b00000, 0x00000000e2c00000, 0x00000000e2c00000|100%| O|Cm|TAMS 0x00000000e2b00000| PB 0x00000000e2b00000| Complete |  0
|  44|0x00000000e2c00000, 0x00000000e2d00000, 0x00000000e2d00000|100%| O|Cm|TAMS 0x00000000e2c00000| PB 0x00000000e2c00000| Complete |  0
|  45|0x00000000e2d00000, 0x00000000e2e00000, 0x00000000e2e00000|100%| O|  |TAMS 0x00000000e2d00000| PB 0x00000000e2d00000| Untracked |  0
|  46|0x00000000e2e00000, 0x00000000e2f00000, 0x00000000e2f00000|100%| O|Cm|TAMS 0x00000000e2e00000| PB 0x00000000e2e00000| Complete |  0
|  47|0x00000000e2f00000, 0x00000000e3000000, 0x00000000e3000000|100%| O|  |TAMS 0x00000000e2f00000| PB 0x00000000e2f00000| Untracked |  0
|  48|0x00000000e3000000, 0x00000000e3100000, 0x00000000e3100000|100%| O|  |TAMS 0x00000000e3000000| PB 0x00000000e3000000| Untracked |  0
|  49|0x00000000e3100000, 0x00000000e3200000, 0x00000000e3200000|100%| O|  |TAMS 0x00000000e3100000| PB 0x00000000e3100000| Untracked |  0
|  50|0x00000000e3200000, 0x00000000e3300000, 0x00000000e3300000|100%| O|  |TAMS 0x00000000e3200000| PB 0x00000000e3200000| Untracked |  0
|  51|0x00000000e3300000, 0x00000000e3400000, 0x00000000e3400000|100%| O|  |TAMS 0x00000000e3300000| PB 0x00000000e3300000| Untracked |  0
|  52|0x00000000e3400000, 0x00000000e3500000, 0x00000000e3500000|100%| O|  |TAMS 0x00000000e3400000| PB 0x00000000e3400000| Untracked |  0
|  53|0x00000000e3500000, 0x00000000e3600000, 0x00000000e3600000|100%| O|  |TAMS 0x00000000e3500000| PB 0x00000000e3500000| Untracked |  0
|  54|0x00000000e3600000, 0x00000000e3700000, 0x00000000e3700000|100%| O|  |TAMS 0x00000000e3600000| PB 0x00000000e3600000| Untracked |  0
|  55|0x00000000e3700000, 0x00000000e3800000, 0x00000000e3800000|100%| O|  |TAMS 0x00000000e3700000| PB 0x00000000e3700000| Untracked |  0
|  56|0x00000000e3800000, 0x00000000e3900000, 0x00000000e3900000|100%| O|  |TAMS 0x00000000e3800000| PB 0x00000000e3800000| Untracked |  0
|  57|0x00000000e3900000, 0x00000000e3a00000, 0x00000000e3a00000|100%| O|  |TAMS 0x00000000e3900000| PB 0x00000000e3900000| Untracked |  0
|  58|0x00000000e3a00000, 0x00000000e3b00000, 0x00000000e3b00000|100%| O|  |TAMS 0x00000000e3a00000| PB 0x00000000e3a00000| Untracked |  0
|  59|0x00000000e3b00000, 0x00000000e3c00000, 0x00000000e3c00000|100%| O|  |TAMS 0x00000000e3b00000| PB 0x00000000e3b00000| Untracked |  0
|  60|0x00000000e3c00000, 0x00000000e3d00000, 0x00000000e3d00000|100%| O|Cm|TAMS 0x00000000e3c00000| PB 0x00000000e3c00000| Complete |  0
|  61|0x00000000e3d00000, 0x00000000e3e00000, 0x00000000e3e00000|100%|HS|  |TAMS 0x00000000e3d00000| PB 0x00000000e3d00000| Complete |  0
|  62|0x00000000e3e00000, 0x00000000e3f00000, 0x00000000e3f00000|100%|HS|  |TAMS 0x00000000e3e00000| PB 0x00000000e3e00000| Complete |  0
|  63|0x00000000e3f00000, 0x00000000e4000000, 0x00000000e4000000|100%| O|  |TAMS 0x00000000e3f00000| PB 0x00000000e3f00000| Untracked |  0
|  64|0x00000000e4000000, 0x00000000e4100000, 0x00000000e4100000|100%| O|  |TAMS 0x00000000e4000000| PB 0x00000000e4000000| Untracked |  0
|  65|0x00000000e4100000, 0x00000000e4200000, 0x00000000e4200000|100%| O|  |TAMS 0x00000000e4100000| PB 0x00000000e4100000| Untracked |  0
|  66|0x00000000e4200000, 0x00000000e4300000, 0x00000000e4300000|100%| O|  |TAMS 0x00000000e4200000| PB 0x00000000e4200000| Untracked |  0
|  67|0x00000000e4300000, 0x00000000e4400000, 0x00000000e4400000|100%| O|  |TAMS 0x00000000e4300000| PB 0x00000000e4300000| Untracked |  0
|  68|0x00000000e4400000, 0x00000000e4500000, 0x00000000e4500000|100%| O|  |TAMS 0x00000000e4400000| PB 0x00000000e4400000| Untracked |  0
|  69|0x00000000e4500000, 0x00000000e4600000, 0x00000000e4600000|100%| O|  |TAMS 0x00000000e4500000| PB 0x00000000e4500000| Untracked |  0
|  70|0x00000000e4600000, 0x00000000e4700000, 0x00000000e4700000|100%| O|  |TAMS 0x00000000e4600000| PB 0x00000000e4600000| Untracked |  0
|  71|0x00000000e4700000, 0x00000000e4800000, 0x00000000e4800000|100%| O|  |TAMS 0x00000000e4700000| PB 0x00000000e4700000| Untracked |  0
|  72|0x00000000e4800000, 0x00000000e4900000, 0x00000000e4900000|100%| O|  |TAMS 0x00000000e4800000| PB 0x00000000e4800000| Untracked |  0
|  73|0x00000000e4900000, 0x00000000e4a00000, 0x00000000e4a00000|100%| O|  |TAMS 0x00000000e4900000| PB 0x00000000e4900000| Untracked |  0
|  74|0x00000000e4a00000, 0x00000000e4b00000, 0x00000000e4b00000|100%| O|  |TAMS 0x00000000e4a00000| PB 0x00000000e4a00000| Untracked |  0
|  75|0x00000000e4b00000, 0x00000000e4c00000, 0x00000000e4c00000|100%| O|  |TAMS 0x00000000e4b00000| PB 0x00000000e4b00000| Untracked |  0
|  76|0x00000000e4c00000, 0x00000000e4d00000, 0x00000000e4d00000|100%| O|  |TAMS 0x00000000e4c00000| PB 0x00000000e4c00000| Untracked |  0
|  77|0x00000000e4d00000, 0x00000000e4e00000, 0x00000000e4e00000|100%| O|  |TAMS 0x00000000e4d00000| PB 0x00000000e4d00000| Untracked |  0
|  78|0x00000000e4e00000, 0x00000000e4f00000, 0x00000000e4f00000|100%| O|  |TAMS 0x00000000e4e00000| PB 0x00000000e4e00000| Untracked |  0
|  79|0x00000000e4f00000, 0x00000000e5000000, 0x00000000e5000000|100%| O|  |TAMS 0x00000000e4f00000| PB 0x00000000e4f00000| Untracked |  0
|  80|0x00000000e5000000, 0x00000000e5100000, 0x00000000e5100000|100%| O|  |TAMS 0x00000000e5000000| PB 0x00000000e5000000| Untracked |  0
|  81|0x00000000e5100000, 0x00000000e5200000, 0x00000000e5200000|100%| O|  |TAMS 0x00000000e5100000| PB 0x00000000e5100000| Untracked |  0
|  82|0x00000000e5200000, 0x00000000e5300000, 0x00000000e5300000|100%| O|  |TAMS 0x00000000e5200000| PB 0x00000000e5200000| Untracked |  0
|  83|0x00000000e5300000, 0x00000000e5400000, 0x00000000e5400000|100%| O|  |TAMS 0x00000000e5300000| PB 0x00000000e5300000| Untracked |  0
|  84|0x00000000e5400000, 0x00000000e5500000, 0x00000000e5500000|100%| O|  |TAMS 0x00000000e5400000| PB 0x00000000e5400000| Untracked |  0
|  85|0x00000000e5500000, 0x00000000e5600000, 0x00000000e5600000|100%| O|  |TAMS 0x00000000e5500000| PB 0x00000000e5500000| Untracked |  0
|  86|0x00000000e5600000, 0x00000000e5700000, 0x00000000e5700000|100%| O|  |TAMS 0x00000000e5600000| PB 0x00000000e5600000| Untracked |  0
|  87|0x00000000e5700000, 0x00000000e5800000, 0x00000000e5800000|100%| O|  |TAMS 0x00000000e5700000| PB 0x00000000e5700000| Untracked |  0
|  88|0x00000000e5800000, 0x00000000e5900000, 0x00000000e5900000|100%| O|  |TAMS 0x00000000e5800000| PB 0x00000000e5800000| Untracked |  0
|  89|0x00000000e5900000, 0x00000000e5a00000, 0x00000000e5a00000|100%| O|  |TAMS 0x00000000e5900000| PB 0x00000000e5900000| Untracked |  0
|  90|0x00000000e5a00000, 0x00000000e5b00000, 0x00000000e5b00000|100%| O|  |TAMS 0x00000000e5a00000| PB 0x00000000e5a00000| Untracked |  0
|  91|0x00000000e5b00000, 0x00000000e5c00000, 0x00000000e5c00000|100%| O|  |TAMS 0x00000000e5b00000| PB 0x00000000e5b00000| Untracked |  0
|  92|0x00000000e5c00000, 0x00000000e5d00000, 0x00000000e5d00000|100%| O|  |TAMS 0x00000000e5c00000| PB 0x00000000e5c00000| Untracked |  0
|  93|0x00000000e5d00000, 0x00000000e5e00000, 0x00000000e5e00000|100%| O|  |TAMS 0x00000000e5d00000| PB 0x00000000e5d00000| Untracked |  0
|  94|0x00000000e5e00000, 0x00000000e5f00000, 0x00000000e5f00000|100%| O|  |TAMS 0x00000000e5e00000| PB 0x00000000e5e00000| Untracked |  0
|  95|0x00000000e5f00000, 0x00000000e6000000, 0x00000000e6000000|100%| O|  |TAMS 0x00000000e5f00000| PB 0x00000000e5f00000| Untracked |  0
|  96|0x00000000e6000000, 0x00000000e6100000, 0x00000000e6100000|100%| O|  |TAMS 0x00000000e6000000| PB 0x00000000e6000000| Untracked |  0
|  97|0x00000000e6100000, 0x00000000e6200000, 0x00000000e6200000|100%| O|  |TAMS 0x00000000e6100000| PB 0x00000000e6100000| Untracked |  0
|  98|0x00000000e6200000, 0x00000000e6300000, 0x00000000e6300000|100%| O|  |TAMS 0x00000000e6200000| PB 0x00000000e6200000| Untracked |  0
|  99|0x00000000e6300000, 0x00000000e6400000, 0x00000000e6400000|100%| O|  |TAMS 0x00000000e6300000| PB 0x00000000e6300000| Untracked |  0
| 100|0x00000000e6400000, 0x00000000e6500000, 0x00000000e6500000|100%| O|  |TAMS 0x00000000e6400000| PB 0x00000000e6400000| Untracked |  0
| 101|0x00000000e6500000, 0x00000000e6600000, 0x00000000e6600000|100%| O|  |TAMS 0x00000000e6500000| PB 0x00000000e6500000| Untracked |  0
| 102|0x00000000e6600000, 0x00000000e6700000, 0x00000000e6700000|100%| O|  |TAMS 0x00000000e6600000| PB 0x00000000e6600000| Untracked |  0
| 103|0x00000000e6700000, 0x00000000e6800000, 0x00000000e6800000|100%| O|  |TAMS 0x00000000e6700000| PB 0x00000000e6700000| Untracked |  0
| 104|0x00000000e6800000, 0x00000000e6900000, 0x00000000e6900000|100%| O|  |TAMS 0x00000000e6800000| PB 0x00000000e6800000| Untracked |  0
| 105|0x00000000e6900000, 0x00000000e6a00000, 0x00000000e6a00000|100%| O|  |TAMS 0x00000000e6900000| PB 0x00000000e6900000| Untracked |  0
| 106|0x00000000e6a00000, 0x00000000e6b00000, 0x00000000e6b00000|100%| O|  |TAMS 0x00000000e6a00000| PB 0x00000000e6a00000| Untracked |  0
| 107|0x00000000e6b00000, 0x00000000e6c00000, 0x00000000e6c00000|100%| O|  |TAMS 0x00000000e6b00000| PB 0x00000000e6b00000| Untracked |  0
| 108|0x00000000e6c00000, 0x00000000e6d00000, 0x00000000e6d00000|100%| O|  |TAMS 0x00000000e6c00000| PB 0x00000000e6c00000| Untracked |  0
| 109|0x00000000e6d00000, 0x00000000e6e00000, 0x00000000e6e00000|100%| O|  |TAMS 0x00000000e6d00000| PB 0x00000000e6d00000| Untracked |  0
| 110|0x00000000e6e00000, 0x00000000e6f00000, 0x00000000e6f00000|100%| O|  |TAMS 0x00000000e6e00000| PB 0x00000000e6e00000| Untracked |  0
| 111|0x00000000e6f00000, 0x00000000e7000000, 0x00000000e7000000|100%| O|  |TAMS 0x00000000e6f00000| PB 0x00000000e6f00000| Untracked |  0
| 112|0x00000000e7000000, 0x00000000e7100000, 0x00000000e7100000|100%| O|  |TAMS 0x00000000e7000000| PB 0x00000000e7000000| Untracked |  0
| 113|0x00000000e7100000, 0x00000000e7200000, 0x00000000e7200000|100%| O|  |TAMS 0x00000000e7100000| PB 0x00000000e7100000| Untracked |  0
| 114|0x00000000e7200000, 0x00000000e7300000, 0x00000000e7300000|100%| O|  |TAMS 0x00000000e7200000| PB 0x00000000e7200000| Untracked |  0
| 115|0x00000000e7300000, 0x00000000e7400000, 0x00000000e7400000|100%| O|  |TAMS 0x00000000e7300000| PB 0x00000000e7300000| Untracked |  0
| 116|0x00000000e7400000, 0x00000000e7480000, 0x00000000e7500000| 50%| O|  |TAMS 0x00000000e7400000| PB 0x00000000e7400000| Untracked |  0
| 117|0x00000000e7500000, 0x00000000e7500000, 0x00000000e7600000|  0%| F|  |TAMS 0x00000000e7500000| PB 0x00000000e7500000| Untracked |  0
| 118|0x00000000e7600000, 0x00000000e7600000, 0x00000000e7700000|  0%| F|  |TAMS 0x00000000e7600000| PB 0x00000000e7600000| Untracked |  0
| 119|0x00000000e7700000, 0x00000000e7800000, 0x00000000e7800000|100%| O|  |TAMS 0x00000000e7700000| PB 0x00000000e7700000| Untracked |  0
| 120|0x00000000e7800000, 0x00000000e7800000, 0x00000000e7900000|  0%| F|  |TAMS 0x00000000e7800000| PB 0x00000000e7800000| Untracked |  0
| 121|0x00000000e7900000, 0x00000000e7900000, 0x00000000e7a00000|  0%| F|  |TAMS 0x00000000e7900000| PB 0x00000000e7900000| Untracked |  0
| 122|0x00000000e7a00000, 0x00000000e7a00000, 0x00000000e7b00000|  0%| F|  |TAMS 0x00000000e7a00000| PB 0x00000000e7a00000| Untracked |  0
| 123|0x00000000e7b00000, 0x00000000e7b00000, 0x00000000e7c00000|  0%| F|  |TAMS 0x00000000e7b00000| PB 0x00000000e7b00000| Untracked |  0
| 124|0x00000000e7c00000, 0x00000000e7c00000, 0x00000000e7d00000|  0%| F|  |TAMS 0x00000000e7c00000| PB 0x00000000e7c00000| Untracked |  0
| 125|0x00000000e7d00000, 0x00000000e7d00000, 0x00000000e7e00000|  0%| F|  |TAMS 0x00000000e7d00000| PB 0x00000000e7d00000| Untracked |  0
| 126|0x00000000e7e00000, 0x00000000e7e00000, 0x00000000e7f00000|  0%| F|  |TAMS 0x00000000e7e00000| PB 0x00000000e7e00000| Untracked |  0
| 127|0x00000000e7f00000, 0x00000000e7f00000, 0x00000000e8000000|  0%| F|  |TAMS 0x00000000e7f00000| PB 0x00000000e7f00000| Untracked |  0
| 128|0x00000000e8000000, 0x00000000e8000000, 0x00000000e8100000|  0%| F|  |TAMS 0x00000000e8000000| PB 0x00000000e8000000| Untracked |  0
| 129|0x00000000e8100000, 0x00000000e8100000, 0x00000000e8200000|  0%| F|  |TAMS 0x00000000e8100000| PB 0x00000000e8100000| Untracked |  0
| 130|0x00000000e8200000, 0x00000000e8200000, 0x00000000e8300000|  0%| F|  |TAMS 0x00000000e8200000| PB 0x00000000e8200000| Untracked |  0
| 131|0x00000000e8300000, 0x00000000e8300000, 0x00000000e8400000|  0%| F|  |TAMS 0x00000000e8300000| PB 0x00000000e8300000| Untracked |  0
| 132|0x00000000e8400000, 0x00000000e8400000, 0x00000000e8500000|  0%| F|  |TAMS 0x00000000e8400000| PB 0x00000000e8400000| Untracked |  0
| 133|0x00000000e8500000, 0x00000000e8500000, 0x00000000e8600000|  0%| F|  |TAMS 0x00000000e8500000| PB 0x00000000e8500000| Untracked |  0
| 134|0x00000000e8600000, 0x00000000e8600000, 0x00000000e8700000|  0%| F|  |TAMS 0x00000000e8600000| PB 0x00000000e8600000| Untracked |  0
| 135|0x00000000e8700000, 0x00000000e8700000, 0x00000000e8800000|  0%| F|  |TAMS 0x00000000e8700000| PB 0x00000000e8700000| Untracked |  0
| 136|0x00000000e8800000, 0x00000000e8800000, 0x00000000e8900000|  0%| F|  |TAMS 0x00000000e8800000| PB 0x00000000e8800000| Untracked |  0
| 137|0x00000000e8900000, 0x00000000e8900000, 0x00000000e8a00000|  0%| F|  |TAMS 0x00000000e8900000| PB 0x00000000e8900000| Untracked |  0
| 138|0x00000000e8a00000, 0x00000000e8a00000, 0x00000000e8b00000|  0%| F|  |TAMS 0x00000000e8a00000| PB 0x00000000e8a00000| Untracked |  0
| 139|0x00000000e8b00000, 0x00000000e8b00000, 0x00000000e8c00000|  0%| F|  |TAMS 0x00000000e8b00000| PB 0x00000000e8b00000| Untracked |  0
| 140|0x00000000e8c00000, 0x00000000e8c00000, 0x00000000e8d00000|  0%| F|  |TAMS 0x00000000e8c00000| PB 0x00000000e8c00000| Untracked |  0
| 141|0x00000000e8d00000, 0x00000000e8d00000, 0x00000000e8e00000|  0%| F|  |TAMS 0x00000000e8d00000| PB 0x00000000e8d00000| Untracked |  0
| 142|0x00000000e8e00000, 0x00000000e8e00000, 0x00000000e8f00000|  0%| F|  |TAMS 0x00000000e8e00000| PB 0x00000000e8e00000| Untracked |  0
| 143|0x00000000e8f00000, 0x00000000e8f00000, 0x00000000e9000000|  0%| F|  |TAMS 0x00000000e8f00000| PB 0x00000000e8f00000| Untracked |  0
| 144|0x00000000e9000000, 0x00000000e9000000, 0x00000000e9100000|  0%| F|  |TAMS 0x00000000e9000000| PB 0x00000000e9000000| Untracked |  0
| 145|0x00000000e9100000, 0x00000000e9100000, 0x00000000e9200000|  0%| F|  |TAMS 0x00000000e9100000| PB 0x00000000e9100000| Untracked |  0
| 146|0x00000000e9200000, 0x00000000e9200000, 0x00000000e9300000|  0%| F|  |TAMS 0x00000000e9200000| PB 0x00000000e9200000| Untracked |  0
| 147|0x00000000e9300000, 0x00000000e9300000, 0x00000000e9400000|  0%| F|  |TAMS 0x00000000e9300000| PB 0x00000000e9300000| Untracked |  0
| 148|0x00000000e9400000, 0x00000000e9400000, 0x00000000e9500000|  0%| F|  |TAMS 0x00000000e9400000| PB 0x00000000e9400000| Untracked |  0
| 149|0x00000000e9500000, 0x00000000e9500000, 0x00000000e9600000|  0%| F|  |TAMS 0x00000000e9500000| PB 0x00000000e9500000| Untracked |  0
| 150|0x00000000e9600000, 0x00000000e9600000, 0x00000000e9700000|  0%| F|  |TAMS 0x00000000e9600000| PB 0x00000000e9600000| Untracked |  0
| 151|0x00000000e9700000, 0x00000000e9700000, 0x00000000e9800000|  0%| F|  |TAMS 0x00000000e9700000| PB 0x00000000e9700000| Untracked |  0
| 152|0x00000000e9800000, 0x00000000e9800000, 0x00000000e9900000|  0%| F|  |TAMS 0x00000000e9800000| PB 0x00000000e9800000| Untracked |  0
| 153|0x00000000e9900000, 0x00000000e9900000, 0x00000000e9a00000|  0%| F|  |TAMS 0x00000000e9900000| PB 0x00000000e9900000| Untracked |  0
| 154|0x00000000e9a00000, 0x00000000e9a00000, 0x00000000e9b00000|  0%| F|  |TAMS 0x00000000e9a00000| PB 0x00000000e9a00000| Untracked |  0
| 155|0x00000000e9b00000, 0x00000000e9b00000, 0x00000000e9c00000|  0%| F|  |TAMS 0x00000000e9b00000| PB 0x00000000e9b00000| Untracked |  0
| 156|0x00000000e9c00000, 0x00000000e9d00000, 0x00000000e9d00000|100%| S|CS|TAMS 0x00000000e9c00000| PB 0x00000000e9c00000| Complete |  0
| 157|0x00000000e9d00000, 0x00000000e9e00000, 0x00000000e9e00000|100%| S|CS|TAMS 0x00000000e9d00000| PB 0x00000000e9d00000| Complete |  0
| 158|0x00000000e9e00000, 0x00000000e9f00000, 0x00000000e9f00000|100%| S|CS|TAMS 0x00000000e9e00000| PB 0x00000000e9e00000| Complete |  0
| 159|0x00000000e9f00000, 0x00000000ea000000, 0x00000000ea000000|100%| S|CS|TAMS 0x00000000e9f00000| PB 0x00000000e9f00000| Complete |  0
| 160|0x00000000ea000000, 0x00000000ea100000, 0x00000000ea100000|100%| S|CS|TAMS 0x00000000ea000000| PB 0x00000000ea000000| Complete |  0
| 161|0x00000000ea100000, 0x00000000ea200000, 0x00000000ea200000|100%| S|CS|TAMS 0x00000000ea100000| PB 0x00000000ea100000| Complete |  0
| 162|0x00000000ea200000, 0x00000000ea200000, 0x00000000ea300000|  0%| F|  |TAMS 0x00000000ea200000| PB 0x00000000ea200000| Untracked |  0
| 163|0x00000000ea300000, 0x00000000ea300000, 0x00000000ea400000|  0%| F|  |TAMS 0x00000000ea300000| PB 0x00000000ea300000| Untracked |  0
| 164|0x00000000ea400000, 0x00000000ea400000, 0x00000000ea500000|  0%| F|  |TAMS 0x00000000ea400000| PB 0x00000000ea400000| Untracked |  0
| 165|0x00000000ea500000, 0x00000000ea500000, 0x00000000ea600000|  0%| F|  |TAMS 0x00000000ea500000| PB 0x00000000ea500000| Untracked |  0
| 166|0x00000000ea600000, 0x00000000ea600000, 0x00000000ea700000|  0%| F|  |TAMS 0x00000000ea600000| PB 0x00000000ea600000| Untracked |  0
| 167|0x00000000ea700000, 0x00000000ea700000, 0x00000000ea800000|  0%| F|  |TAMS 0x00000000ea700000| PB 0x00000000ea700000| Untracked |  0
| 168|0x00000000ea800000, 0x00000000ea800000, 0x00000000ea900000|  0%| F|  |TAMS 0x00000000ea800000| PB 0x00000000ea800000| Untracked |  0
| 169|0x00000000ea900000, 0x00000000ea900000, 0x00000000eaa00000|  0%| F|  |TAMS 0x00000000ea900000| PB 0x00000000ea900000| Untracked |  0
| 170|0x00000000eaa00000, 0x00000000eaa00000, 0x00000000eab00000|  0%| F|  |TAMS 0x00000000eaa00000| PB 0x00000000eaa00000| Untracked |  0
| 171|0x00000000eab00000, 0x00000000eab00000, 0x00000000eac00000|  0%| F|  |TAMS 0x00000000eab00000| PB 0x00000000eab00000| Untracked |  0
| 172|0x00000000eac00000, 0x00000000eac00000, 0x00000000ead00000|  0%| F|  |TAMS 0x00000000eac00000| PB 0x00000000eac00000| Untracked |  0
| 173|0x00000000ead00000, 0x00000000ead00000, 0x00000000eae00000|  0%| F|  |TAMS 0x00000000ead00000| PB 0x00000000ead00000| Untracked |  0
| 174|0x00000000eae00000, 0x00000000eae00000, 0x00000000eaf00000|  0%| F|  |TAMS 0x00000000eae00000| PB 0x00000000eae00000| Untracked |  0
| 175|0x00000000eaf00000, 0x00000000eaf00000, 0x00000000eb000000|  0%| F|  |TAMS 0x00000000eaf00000| PB 0x00000000eaf00000| Untracked |  0
| 176|0x00000000eb000000, 0x00000000eb000000, 0x00000000eb100000|  0%| F|  |TAMS 0x00000000eb000000| PB 0x00000000eb000000| Untracked |  0
| 177|0x00000000eb100000, 0x00000000eb100000, 0x00000000eb200000|  0%| F|  |TAMS 0x00000000eb100000| PB 0x00000000eb100000| Untracked |  0
| 178|0x00000000eb200000, 0x00000000eb200000, 0x00000000eb300000|  0%| F|  |TAMS 0x00000000eb200000| PB 0x00000000eb200000| Untracked |  0
| 179|0x00000000eb300000, 0x00000000eb300000, 0x00000000eb400000|  0%| F|  |TAMS 0x00000000eb300000| PB 0x00000000eb300000| Untracked |  0
| 180|0x00000000eb400000, 0x00000000eb400000, 0x00000000eb500000|  0%| F|  |TAMS 0x00000000eb400000| PB 0x00000000eb400000| Untracked |  0
| 181|0x00000000eb500000, 0x00000000eb500000, 0x00000000eb600000|  0%| F|  |TAMS 0x00000000eb500000| PB 0x00000000eb500000| Untracked |  0
| 182|0x00000000eb600000, 0x00000000eb600000, 0x00000000eb700000|  0%| F|  |TAMS 0x00000000eb600000| PB 0x00000000eb600000| Untracked |  0
| 183|0x00000000eb700000, 0x00000000eb700000, 0x00000000eb800000|  0%| F|  |TAMS 0x00000000eb700000| PB 0x00000000eb700000| Untracked |  0
| 184|0x00000000eb800000, 0x00000000eb800000, 0x00000000eb900000|  0%| F|  |TAMS 0x00000000eb800000| PB 0x00000000eb800000| Untracked |  0
| 185|0x00000000eb900000, 0x00000000eb900000, 0x00000000eba00000|  0%| F|  |TAMS 0x00000000eb900000| PB 0x00000000eb900000| Untracked |  0
| 186|0x00000000eba00000, 0x00000000eba00000, 0x00000000ebb00000|  0%| F|  |TAMS 0x00000000eba00000| PB 0x00000000eba00000| Untracked |  0
| 187|0x00000000ebb00000, 0x00000000ebb00000, 0x00000000ebc00000|  0%| F|  |TAMS 0x00000000ebb00000| PB 0x00000000ebb00000| Untracked |  0
| 188|0x00000000ebc00000, 0x00000000ebc00000, 0x00000000ebd00000|  0%| F|  |TAMS 0x00000000ebc00000| PB 0x00000000ebc00000| Untracked |  0
| 189|0x00000000ebd00000, 0x00000000ebd00000, 0x00000000ebe00000|  0%| F|  |TAMS 0x00000000ebd00000| PB 0x00000000ebd00000| Untracked |  0
| 190|0x00000000ebe00000, 0x00000000ebe00000, 0x00000000ebf00000|  0%| F|  |TAMS 0x00000000ebe00000| PB 0x00000000ebe00000| Untracked |  0
| 191|0x00000000ebf00000, 0x00000000ebf00000, 0x00000000ec000000|  0%| F|  |TAMS 0x00000000ebf00000| PB 0x00000000ebf00000| Untracked |  0
| 192|0x00000000ec000000, 0x00000000ec000000, 0x00000000ec100000|  0%| F|  |TAMS 0x00000000ec000000| PB 0x00000000ec000000| Untracked |  0
| 193|0x00000000ec100000, 0x00000000ec100000, 0x00000000ec200000|  0%| F|  |TAMS 0x00000000ec100000| PB 0x00000000ec100000| Untracked |  0
| 194|0x00000000ec200000, 0x00000000ec200000, 0x00000000ec300000|  0%| F|  |TAMS 0x00000000ec200000| PB 0x00000000ec200000| Untracked |  0
| 195|0x00000000ec300000, 0x00000000ec300000, 0x00000000ec400000|  0%| F|  |TAMS 0x00000000ec300000| PB 0x00000000ec300000| Untracked |  0
| 196|0x00000000ec400000, 0x00000000ec400000, 0x00000000ec500000|  0%| F|  |TAMS 0x00000000ec400000| PB 0x00000000ec400000| Untracked |  0
| 197|0x00000000ec500000, 0x00000000ec500000, 0x00000000ec600000|  0%| F|  |TAMS 0x00000000ec500000| PB 0x00000000ec500000| Untracked |  0
| 198|0x00000000ec600000, 0x00000000ec600000, 0x00000000ec700000|  0%| F|  |TAMS 0x00000000ec600000| PB 0x00000000ec600000| Untracked |  0
| 199|0x00000000ec700000, 0x00000000ec700000, 0x00000000ec800000|  0%| F|  |TAMS 0x00000000ec700000| PB 0x00000000ec700000| Untracked |  0
| 200|0x00000000ec800000, 0x00000000ec800000, 0x00000000ec900000|  0%| F|  |TAMS 0x00000000ec800000| PB 0x00000000ec800000| Untracked |  0
| 201|0x00000000ec900000, 0x00000000ec900000, 0x00000000eca00000|  0%| F|  |TAMS 0x00000000ec900000| PB 0x00000000ec900000| Untracked |  0
| 202|0x00000000eca00000, 0x00000000eca00000, 0x00000000ecb00000|  0%| F|  |TAMS 0x00000000eca00000| PB 0x00000000eca00000| Untracked |  0
| 203|0x00000000ecb00000, 0x00000000ecb00000, 0x00000000ecc00000|  0%| F|  |TAMS 0x00000000ecb00000| PB 0x00000000ecb00000| Untracked |  0
| 204|0x00000000ecc00000, 0x00000000ecc00000, 0x00000000ecd00000|  0%| F|  |TAMS 0x00000000ecc00000| PB 0x00000000ecc00000| Untracked |  0
| 205|0x00000000ecd00000, 0x00000000ecd00000, 0x00000000ece00000|  0%| F|  |TAMS 0x00000000ecd00000| PB 0x00000000ecd00000| Untracked |  0
| 206|0x00000000ece00000, 0x00000000ece00000, 0x00000000ecf00000|  0%| F|  |TAMS 0x00000000ece00000| PB 0x00000000ece00000| Untracked |  0
| 207|0x00000000ecf00000, 0x00000000ecf00000, 0x00000000ed000000|  0%| F|  |TAMS 0x00000000ecf00000| PB 0x00000000ecf00000| Untracked |  0
| 208|0x00000000ed000000, 0x00000000ed000000, 0x00000000ed100000|  0%| F|  |TAMS 0x00000000ed000000| PB 0x00000000ed000000| Untracked |  0
| 209|0x00000000ed100000, 0x00000000ed100000, 0x00000000ed200000|  0%| F|  |TAMS 0x00000000ed100000| PB 0x00000000ed100000| Untracked |  0
| 210|0x00000000ed200000, 0x00000000ed200000, 0x00000000ed300000|  0%| F|  |TAMS 0x00000000ed200000| PB 0x00000000ed200000| Untracked |  0
| 211|0x00000000ed300000, 0x00000000ed300000, 0x00000000ed400000|  0%| F|  |TAMS 0x00000000ed300000| PB 0x00000000ed300000| Untracked |  0
| 212|0x00000000ed400000, 0x00000000ed400000, 0x00000000ed500000|  0%| F|  |TAMS 0x00000000ed400000| PB 0x00000000ed400000| Untracked |  0
| 213|0x00000000ed500000, 0x00000000ed500000, 0x00000000ed600000|  0%| F|  |TAMS 0x00000000ed500000| PB 0x00000000ed500000| Untracked |  0
| 214|0x00000000ed600000, 0x00000000ed600000, 0x00000000ed700000|  0%| F|  |TAMS 0x00000000ed600000| PB 0x00000000ed600000| Untracked |  0
| 215|0x00000000ed700000, 0x00000000ed700000, 0x00000000ed800000|  0%| F|  |TAMS 0x00000000ed700000| PB 0x00000000ed700000| Untracked |  0
| 216|0x00000000ed800000, 0x00000000ed800000, 0x00000000ed900000|  0%| F|  |TAMS 0x00000000ed800000| PB 0x00000000ed800000| Untracked |  0
| 217|0x00000000ed900000, 0x00000000ed900000, 0x00000000eda00000|  0%| F|  |TAMS 0x00000000ed900000| PB 0x00000000ed900000| Untracked |  0
| 218|0x00000000eda00000, 0x00000000eda00000, 0x00000000edb00000|  0%| F|  |TAMS 0x00000000eda00000| PB 0x00000000eda00000| Untracked |  0
| 219|0x00000000edb00000, 0x00000000edb00000, 0x00000000edc00000|  0%| F|  |TAMS 0x00000000edb00000| PB 0x00000000edb00000| Untracked |  0
| 220|0x00000000edc00000, 0x00000000edc00000, 0x00000000edd00000|  0%| F|  |TAMS 0x00000000edc00000| PB 0x00000000edc00000| Untracked |  0
| 221|0x00000000edd00000, 0x00000000edd00000, 0x00000000ede00000|  0%| F|  |TAMS 0x00000000edd00000| PB 0x00000000edd00000| Untracked |  0
| 222|0x00000000ede00000, 0x00000000ede00000, 0x00000000edf00000|  0%| F|  |TAMS 0x00000000ede00000| PB 0x00000000ede00000| Untracked |  0
| 223|0x00000000edf00000, 0x00000000edf00000, 0x00000000ee000000|  0%| F|  |TAMS 0x00000000edf00000| PB 0x00000000edf00000| Untracked |  0
| 224|0x00000000ee000000, 0x00000000ee000000, 0x00000000ee100000|  0%| F|  |TAMS 0x00000000ee000000| PB 0x00000000ee000000| Untracked |  0
| 225|0x00000000ee100000, 0x00000000ee100000, 0x00000000ee200000|  0%| F|  |TAMS 0x00000000ee100000| PB 0x00000000ee100000| Untracked |  0
| 226|0x00000000ee200000, 0x00000000ee200000, 0x00000000ee300000|  0%| F|  |TAMS 0x00000000ee200000| PB 0x00000000ee200000| Untracked |  0
| 227|0x00000000ee300000, 0x00000000ee300000, 0x00000000ee400000|  0%| F|  |TAMS 0x00000000ee300000| PB 0x00000000ee300000| Untracked |  0
| 228|0x00000000ee400000, 0x00000000ee400000, 0x00000000ee500000|  0%| F|  |TAMS 0x00000000ee400000| PB 0x00000000ee400000| Untracked |  0
| 229|0x00000000ee500000, 0x00000000ee500000, 0x00000000ee600000|  0%| F|  |TAMS 0x00000000ee500000| PB 0x00000000ee500000| Untracked |  0
| 230|0x00000000ee600000, 0x00000000ee600000, 0x00000000ee700000|  0%| F|  |TAMS 0x00000000ee600000| PB 0x00000000ee600000| Untracked |  0
| 231|0x00000000ee700000, 0x00000000ee781f00, 0x00000000ee800000| 50%| E|  |TAMS 0x00000000ee700000| PB 0x00000000ee700000| Complete |  0
| 232|0x00000000ee800000, 0x00000000ee900000, 0x00000000ee900000|100%| E|CS|TAMS 0x00000000ee800000| PB 0x00000000ee800000| Complete |  0
| 233|0x00000000ee900000, 0x00000000eea00000, 0x00000000eea00000|100%| E|CS|TAMS 0x00000000ee900000| PB 0x00000000ee900000| Complete |  0
| 234|0x00000000eea00000, 0x00000000eeb00000, 0x00000000eeb00000|100%| E|CS|TAMS 0x00000000eea00000| PB 0x00000000eea00000| Complete |  0
| 235|0x00000000eeb00000, 0x00000000eec00000, 0x00000000eec00000|100%| E|CS|TAMS 0x00000000eeb00000| PB 0x00000000eeb00000| Complete |  0
| 236|0x00000000eec00000, 0x00000000eed00000, 0x00000000eed00000|100%| E|CS|TAMS 0x00000000eec00000| PB 0x00000000eec00000| Complete |  0
| 237|0x00000000eed00000, 0x00000000eee00000, 0x00000000eee00000|100%| E|CS|TAMS 0x00000000eed00000| PB 0x00000000eed00000| Complete |  0
| 238|0x00000000eee00000, 0x00000000eef00000, 0x00000000eef00000|100%| E|CS|TAMS 0x00000000eee00000| PB 0x00000000eee00000| Complete |  0
| 239|0x00000000eef00000, 0x00000000ef000000, 0x00000000ef000000|100%| E|CS|TAMS 0x00000000eef00000| PB 0x00000000eef00000| Complete |  0
| 240|0x00000000ef000000, 0x00000000ef100000, 0x00000000ef100000|100%| E|CS|TAMS 0x00000000ef000000| PB 0x00000000ef000000| Complete |  0
| 241|0x00000000ef100000, 0x00000000ef200000, 0x00000000ef200000|100%| E|CS|TAMS 0x00000000ef100000| PB 0x00000000ef100000| Complete |  0
| 242|0x00000000ef200000, 0x00000000ef300000, 0x00000000ef300000|100%| E|CS|TAMS 0x00000000ef200000| PB 0x00000000ef200000| Complete |  0
| 243|0x00000000ef300000, 0x00000000ef400000, 0x00000000ef400000|100%| E|CS|TAMS 0x00000000ef300000| PB 0x00000000ef300000| Complete |  0
| 244|0x00000000ef400000, 0x00000000ef500000, 0x00000000ef500000|100%| E|CS|TAMS 0x00000000ef400000| PB 0x00000000ef400000| Complete |  0
| 245|0x00000000ef500000, 0x00000000ef600000, 0x00000000ef600000|100%| E|CS|TAMS 0x00000000ef500000| PB 0x00000000ef500000| Complete |  0
| 246|0x00000000ef600000, 0x00000000ef700000, 0x00000000ef700000|100%| E|CS|TAMS 0x00000000ef600000| PB 0x00000000ef600000| Complete |  0
| 247|0x00000000ef700000, 0x00000000ef800000, 0x00000000ef800000|100%| E|CS|TAMS 0x00000000ef700000| PB 0x00000000ef700000| Complete |  0
| 248|0x00000000ef800000, 0x00000000ef900000, 0x00000000ef900000|100%| E|CS|TAMS 0x00000000ef800000| PB 0x00000000ef800000| Complete |  0
| 249|0x00000000ef900000, 0x00000000efa00000, 0x00000000efa00000|100%| E|CS|TAMS 0x00000000ef900000| PB 0x00000000ef900000| Complete |  0
| 250|0x00000000efa00000, 0x00000000efb00000, 0x00000000efb00000|100%| E|CS|TAMS 0x00000000efa00000| PB 0x00000000efa00000| Complete |  0
| 251|0x00000000efb00000, 0x00000000efc00000, 0x00000000efc00000|100%| E|CS|TAMS 0x00000000efb00000| PB 0x00000000efb00000| Complete |  0
| 252|0x00000000efc00000, 0x00000000efd00000, 0x00000000efd00000|100%| E|CS|TAMS 0x00000000efc00000| PB 0x00000000efc00000| Complete |  0
| 253|0x00000000efd00000, 0x00000000efe00000, 0x00000000efe00000|100%| E|CS|TAMS 0x00000000efd00000| PB 0x00000000efd00000| Complete |  0
| 254|0x00000000efe00000, 0x00000000eff00000, 0x00000000eff00000|100%| E|CS|TAMS 0x00000000efe00000| PB 0x00000000efe00000| Complete |  0
| 255|0x00000000eff00000, 0x00000000f0000000, 0x00000000f0000000|100%| E|CS|TAMS 0x00000000eff00000| PB 0x00000000eff00000| Complete |  0
| 484|0x00000000fe400000, 0x00000000fe500000, 0x00000000fe500000|100%| O|  |TAMS 0x00000000fe400000| PB 0x00000000fe400000| Untracked |  0
| 485|0x00000000fe500000, 0x00000000fe600000, 0x00000000fe600000|100%| O|Cm|TAMS 0x00000000fe500000| PB 0x00000000fe500000| Complete |  0
| 486|0x00000000fe600000, 0x00000000fe700000, 0x00000000fe700000|100%| O|  |TAMS 0x00000000fe600000| PB 0x00000000fe600000| Untracked |  0
| 487|0x00000000fe700000, 0x00000000fe800000, 0x00000000fe800000|100%| O|  |TAMS 0x00000000fe700000| PB 0x00000000fe700000| Untracked |  0
| 488|0x00000000fe800000, 0x00000000fe900000, 0x00000000fe900000|100%| O|  |TAMS 0x00000000fe800000| PB 0x00000000fe800000| Untracked |  0
| 489|0x00000000fe900000, 0x00000000fea00000, 0x00000000fea00000|100%| O|  |TAMS 0x00000000fe900000| PB 0x00000000fe900000| Untracked |  0
| 490|0x00000000fea00000, 0x00000000feb00000, 0x00000000feb00000|100%| O|  |TAMS 0x00000000fea00000| PB 0x00000000fea00000| Untracked |  0
| 491|0x00000000feb00000, 0x00000000fec00000, 0x00000000fec00000|100%| O|  |TAMS 0x00000000feb00000| PB 0x00000000feb00000| Untracked |  0
| 492|0x00000000fec00000, 0x00000000fed00000, 0x00000000fed00000|100%| O|  |TAMS 0x00000000fec00000| PB 0x00000000fec00000| Untracked |  0
| 493|0x00000000fed00000, 0x00000000fee00000, 0x00000000fee00000|100%| O|  |TAMS 0x00000000fed00000| PB 0x00000000fed00000| Untracked |  0
| 494|0x00000000fee00000, 0x00000000fef00000, 0x00000000fef00000|100%| O|  |TAMS 0x00000000fee00000| PB 0x00000000fee00000| Untracked |  0
| 495|0x00000000fef00000, 0x00000000ff000000, 0x00000000ff000000|100%| O|  |TAMS 0x00000000fef00000| PB 0x00000000fef00000| Untracked |  0
| 496|0x00000000ff000000, 0x00000000ff100000, 0x00000000ff100000|100%| O|  |TAMS 0x00000000ff000000| PB 0x00000000ff000000| Untracked |  0
| 497|0x00000000ff100000, 0x00000000ff200000, 0x00000000ff200000|100%| O|  |TAMS 0x00000000ff100000| PB 0x00000000ff100000| Untracked |  0
| 498|0x00000000ff200000, 0x00000000ff300000, 0x00000000ff300000|100%| O|  |TAMS 0x00000000ff200000| PB 0x00000000ff200000| Untracked |  0
| 499|0x00000000ff300000, 0x00000000ff400000, 0x00000000ff400000|100%| O|  |TAMS 0x00000000ff300000| PB 0x00000000ff300000| Untracked |  0
| 500|0x00000000ff400000, 0x00000000ff500000, 0x00000000ff500000|100%| O|  |TAMS 0x00000000ff400000| PB 0x00000000ff400000| Untracked |  0
| 501|0x00000000ff500000, 0x00000000ff600000, 0x00000000ff600000|100%| O|  |TAMS 0x00000000ff500000| PB 0x00000000ff500000| Untracked |  0
| 502|0x00000000ff600000, 0x00000000ff700000, 0x00000000ff700000|100%| O|  |TAMS 0x00000000ff600000| PB 0x00000000ff600000| Untracked |  0
| 503|0x00000000ff700000, 0x00000000ff800000, 0x00000000ff800000|100%| O|  |TAMS 0x00000000ff700000| PB 0x00000000ff700000| Untracked |  0
| 504|0x00000000ff800000, 0x00000000ff900000, 0x00000000ff900000|100%| O|  |TAMS 0x00000000ff800000| PB 0x00000000ff800000| Untracked |  0
| 505|0x00000000ff900000, 0x00000000ffa00000, 0x00000000ffa00000|100%| O|  |TAMS 0x00000000ff900000| PB 0x00000000ff900000| Untracked |  0
| 506|0x00000000ffa00000, 0x00000000ffb00000, 0x00000000ffb00000|100%| O|  |TAMS 0x00000000ffa00000| PB 0x00000000ffa00000| Untracked |  0
| 507|0x00000000ffb00000, 0x00000000ffc00000, 0x00000000ffc00000|100%| O|  |TAMS 0x00000000ffb00000| PB 0x00000000ffb00000| Untracked |  0
| 508|0x00000000ffc00000, 0x00000000ffd00000, 0x00000000ffd00000|100%| O|  |TAMS 0x00000000ffc00000| PB 0x00000000ffc00000| Untracked |  0
| 509|0x00000000ffd00000, 0x00000000ffe00000, 0x00000000ffe00000|100%| O|  |TAMS 0x00000000ffd00000| PB 0x00000000ffd00000| Untracked |  0
| 510|0x00000000ffe00000, 0x00000000fff00000, 0x00000000fff00000|100%| O|  |TAMS 0x00000000ffe00000| PB 0x00000000ffe00000| Untracked |  0
| 511|0x00000000fff00000, 0x0000000100000000, 0x0000000100000000|100%| E|CS|TAMS 0x00000000fff00000| PB 0x00000000fff00000| Complete |  0

Card table byte_map: [0x00000115dec40000,0x00000115ded40000] _byte_map_base: 0x00000115de540000

Marking Bits: (CMBitMap*) 0x00000115c704d840
 Bits: [0x00000115ded40000, 0x00000115df540000)

Polling page: 0x00000115c4ed0000

Metaspace:
Metaspace        used 164350K, committed 166080K, reserved 524288K
 class space     used 22486K, committed 23296K, reserved 327680K

Usage:
  Non-class:    138.54 MB used.
      Class:     21.96 MB used.
       Both:    160.50 MB used.

Virtual space:
  Non-class space:      192.00 MB reserved,     139.44 MB ( 73%) committed,  3 nodes.
      Class space:      320.00 MB reserved,      22.75 MB (  7%) committed,  1 nodes.
             Both:      512.00 MB reserved,     162.19 MB ( 32%) committed. 

Chunk freelists:
   Non-Class:  4.61 MB
       Class:  9.27 MB
        Both:  13.88 MB

MaxMetaspaceSize: 384.00 MB
CompressedClassSpaceSize: 320.00 MB
Initial GC threshold: 21.00 MB
Current GC threshold: 262.75 MB
CDS: on
 - commit_granule_bytes: 65536.
 - commit_granule_words: 8192.
 - virtual_space_node_default_size: 8388608.
 - enlarge_chunks_in_place: 1.
UseCompressedClassPointers 1, UseCompactObjectHeaders 0
Narrow klass pointer bits 32, Max shift 3
Narrow klass base: 0x00000000c6000000, Narrow klass shift: 0
Encoding Range: [0x00000000c6000000 - 0x00000001c6000000), (4294967296 bytes)
Klass Range:    [0x00000000c6010000 - 0x00000000db000000), (352256000 bytes)
Klass ID Range:  [65536 - 352321529) (352255993)
Protection zone: [0x00000000c6000000 - 0x00000000c6010000), (65536 bytes)


Internal statistics:

num_allocs_failed_limit: 30.
num_arena_births: 6316.
num_arena_deaths: 3550.
num_vsnodes_births: 4.
num_vsnodes_deaths: 0.
num_space_committed: 2602.
num_space_uncommitted: 4.
num_chunks_returned_to_freelist: 4164.
num_chunks_taken_from_freelist: 14251.
num_chunk_merges: 1438.
num_chunk_splits: 8946.
num_chunks_enlarged: 6278.
num_inconsistent_stats: 0.

CodeHeap 'non-profiled nmethods': size=120064Kb used=9755Kb max_used=10269Kb free=110308Kb
 bounds [0x00000115d7600000, 0x00000115d8010000, 0x00000115deb40000]
CodeHeap 'profiled nmethods': size=120064Kb used=30283Kb max_used=31529Kb free=89780Kb
 bounds [0x00000115cfb20000, 0x00000115d19f0000, 0x00000115d7060000]
CodeHeap 'non-nmethods': size=5760Kb used=2383Kb max_used=2461Kb free=3377Kb
 bounds [0x00000115d7060000, 0x00000115d72d0000, 0x00000115d7600000]
CodeCache: size=245888Kb, used=42421Kb, max_used=44259Kb, free=203465Kb
 total_blobs=18491, nmethods=17297, adapters=1093, full_count=0
Compilation: enabled, stopped_count=0, restarted_count=0

Compilation events (20 events):
Event: 9986.908 Thread 0x00000115e1aa6660 nmethod 22798 0x00000115d7dc7a08 code [0x00000115d7dc7b00, 0x00000115d7dc7d58]
Event: 9986.960 Thread 0x00000115c70db0a0 22799       3       com.sun.tools.javac.util.Context::checkState (13 bytes)
Event: 9986.960 Thread 0x00000115c70db0a0 nmethod 22799 0x00000115d07ca308 code [0x00000115d07ca400, 0x00000115d07ca5d8]
Event: 9986.970 Thread 0x00000115c70db0a0 22800       3       com.sun.tools.javac.util.Context::uncheckedCast (2 bytes)
Event: 9986.970 Thread 0x00000115c70db0a0 nmethod 22800 0x00000115d07d7c08 code [0x00000115d07d7d00, 0x00000115d07d7de8]
Event: 9986.973 Thread 0x00000115e1aa6660 22801       4       java.nio.MappedByteBuffer::limit (6 bytes)
Event: 9986.975 Thread 0x00000115e1aa6660 nmethod 22801 0x00000115d7c5ea88 code [0x00000115d7c5eb80, 0x00000115d7c5ec98]
Event: 9986.986 Thread 0x00000115c70db0a0 22802       3       com.sun.tools.javac.util.Context::get (82 bytes)
Event: 9986.987 Thread 0x00000115c70db0a0 nmethod 22802 0x00000115d12ef788 code [0x00000115d12ef880, 0x00000115d12f03c8]
Event: 9987.084 Thread 0x00000115e1aa6660 22803   !   4       jdk.internal.classfile.impl.DirectCodeBuilder::build (78 bytes)
Event: 9987.097 Thread 0x00000115c70db0a0 22805       3       sun.invoke.util.Wrapper::wrapperType (52 bytes)
Event: 9987.099 Thread 0x00000115c70db0a0 nmethod 22805 0x00000115d0b22288 code [0x00000115d0b22380, 0x00000115d0b23330]
Event: 9987.102 Thread 0x00000115e1aa6660 nmethod 22803 0x00000115d7731388 code [0x00000115d7731480, 0x00000115d7732178]
Event: 9987.102 Thread 0x00000115e1aa6660 22804       4       jdk.internal.classfile.impl.DirectMethodBuilder::withCode (22 bytes)
Event: 9987.104 Thread 0x00000115c70db0a0 22806       3       sun.invoke.util.Wrapper::forceType (72 bytes)
Event: 9987.104 Thread 0x00000115c70db0a0 nmethod 22806 0x00000115d0807e08 code [0x00000115d0807f00, 0x00000115d0807ff8]
Event: 9987.104 Thread 0x00000115c70db0a0 22807       3       sun.invoke.util.Wrapper::convert (169 bytes)
Event: 9987.106 Thread 0x00000115c70db0a0 nmethod 22807 0x00000115d0536088 code [0x00000115d0536180, 0x00000115d0537d70]
Event: 9987.106 Thread 0x00000115c70db0a0 22811       3       java.lang.invoke.MethodHandles$Lookup::findStatic (27 bytes)
Event: 9987.107 Thread 0x00000115c70db0a0 nmethod 22811 0x00000115d09da788 code [0x00000115d09da880, 0x00000115d09db220]

GC Heap Usage History (20 events):
Event: 61.371 {heap Before GC invocations=23 (full 0):
 garbage-first heap   total reserved 524288K, committed 262144K, used 221967K [0x00000000e0000000, 0x0000000100000000)
  region size 1024K, 105 young (107520K), 6 survivors (6144K)
}
Event: 61.382 {heap After GC invocations=24 (full 0):
 garbage-first heap   total reserved 524288K, committed 262144K, used 123137K [0x00000000e0000000, 0x0000000100000000)
  region size 1024K, 8 young (8192K), 8 survivors (8192K)
}
Event: 647.072 {heap Before GC invocations=24 (full 0):
 garbage-first heap   total reserved 524288K, committed 262144K, used 226561K [0x00000000e0000000, 0x0000000100000000)
  region size 1024K, 110 young (112640K), 8 survivors (8192K)
}
Event: 647.084 {heap After GC invocations=25 (full 0):
 garbage-first heap   total reserved 524288K, committed 262144K, used 123841K [0x00000000e0000000, 0x0000000100000000)
  region size 1024K, 8 young (8192K), 8 survivors (8192K)
}
Event: 4135.050 {heap Before GC invocations=26 (full 0):
 garbage-first heap   total reserved 524288K, committed 262144K, used 203713K [0x00000000e0000000, 0x0000000100000000)
  region size 1024K, 115 young (117760K), 8 survivors (8192K)
}
Event: 4135.157 {heap After GC invocations=27 (full 0):
 garbage-first heap   total reserved 524288K, committed 262144K, used 93542K [0x00000000e0000000, 0x0000000100000000)
  region size 1024K, 8 young (8192K), 8 survivors (8192K)
}
Event: 9915.439 {heap Before GC invocations=27 (full 0):
 garbage-first heap   total reserved 524288K, committed 262144K, used 229734K [0x00000000e0000000, 0x0000000100000000)
  region size 1024K, 142 young (145408K), 8 survivors (8192K)
}
Event: 9915.514 {heap After GC invocations=28 (full 0):
 garbage-first heap   total reserved 524288K, committed 262144K, used 76068K [0x00000000e0000000, 0x0000000100000000)
  region size 1024K, 12 young (12288K), 12 survivors (12288K)
}
Event: 9918.488 {heap Before GC invocations=28 (full 0):
 garbage-first heap   total reserved 524288K, committed 262144K, used 220452K [0x00000000e0000000, 0x0000000100000000)
  region size 1024K, 153 young (156672K), 12 survivors (12288K)
}
Event: 9918.532 {heap After GC invocations=29 (full 0):
 garbage-first heap   total reserved 524288K, committed 262144K, used 83450K [0x00000000e0000000, 0x0000000100000000)
  region size 1024K, 17 young (17408K), 17 survivors (17408K)
}
Event: 9919.946 {heap Before GC invocations=29 (full 0):
 garbage-first heap   total reserved 524288K, committed 262144K, used 222714K [0x00000000e0000000, 0x0000000100000000)
  region size 1024K, 153 young (156672K), 17 survivors (17408K)
}
Event: 9919.996 {heap After GC invocations=30 (full 0):
 garbage-first heap   total reserved 524288K, committed 262144K, used 89362K [0x00000000e0000000, 0x0000000100000000)
  region size 1024K, 16 young (16384K), 16 survivors (16384K)
}
Event: 9923.536 {heap Before GC invocations=31 (full 0):
 garbage-first heap   total reserved 524288K, committed 262144K, used 237842K [0x00000000e0000000, 0x0000000100000000)
  region size 1024K, 153 young (156672K), 16 survivors (16384K)
}
Event: 9923.585 {heap After GC invocations=32 (full 0):
 garbage-first heap   total reserved 524288K, committed 262144K, used 97280K [0x00000000e0000000, 0x0000000100000000)
  region size 1024K, 14 young (14336K), 14 survivors (14336K)
}
Event: 9925.854 {heap Before GC invocations=32 (full 0):
 garbage-first heap   total reserved 524288K, committed 262144K, used 237568K [0x00000000e0000000, 0x0000000100000000)
  region size 1024K, 150 young (153600K), 14 survivors (14336K)
}
Event: 9925.931 {heap After GC invocations=33 (full 0):
 garbage-first heap   total reserved 524288K, committed 290816K, used 131584K [0x00000000e0000000, 0x0000000100000000)
  region size 1024K, 19 young (19456K), 19 survivors (19456K)
}
Event: 9932.947 {heap Before GC invocations=33 (full 0):
 garbage-first heap   total reserved 524288K, committed 290816K, used 240128K [0x00000000e0000000, 0x0000000100000000)
  region size 1024K, 125 young (128000K), 19 survivors (19456K)
}
Event: 9932.997 {heap After GC invocations=34 (full 0):
 garbage-first heap   total reserved 524288K, committed 290816K, used 147968K [0x00000000e0000000, 0x0000000100000000)
  region size 1024K, 15 young (15360K), 15 survivors (15360K)
}
Event: 9983.746 {heap Before GC invocations=35 (full 0):
 garbage-first heap   total reserved 524288K, committed 290816K, used 245248K [0x00000000e0000000, 0x0000000100000000)
  region size 1024K, 110 young (112640K), 15 survivors (15360K)
}
Event: 9983.790 {heap After GC invocations=36 (full 0):
 garbage-first heap   total reserved 524288K, committed 290816K, used 154112K [0x00000000e0000000, 0x0000000100000000)
  region size 1024K, 6 young (6144K), 6 survivors (6144K)
}

Metaspace Usage History (20 events):
Event: 61.371 {metaspace Before GC invocations=23 (full 0):
 Metaspace       used 140846K, committed 143104K, reserved 458752K
  class space    used 19385K, committed 20416K, reserved 327680K
}
Event: 61.382 {metaspace After GC invocations=24 (full 0):
 Metaspace       used 140846K, committed 143104K, reserved 458752K
  class space    used 19385K, committed 20416K, reserved 327680K
}
Event: 647.072 {metaspace Before GC invocations=24 (full 0):
 Metaspace       used 142274K, committed 144576K, reserved 458752K
  class space    used 19591K, committed 20672K, reserved 327680K
}
Event: 647.084 {metaspace After GC invocations=25 (full 0):
 Metaspace       used 142274K, committed 144576K, reserved 458752K
  class space    used 19591K, committed 20672K, reserved 327680K
}
Event: 4135.050 {metaspace Before GC invocations=26 (full 0):
 Metaspace       used 140995K, committed 144640K, reserved 458752K
  class space    used 19208K, committed 20736K, reserved 327680K
}
Event: 4135.157 {metaspace After GC invocations=27 (full 0):
 Metaspace       used 140995K, committed 144640K, reserved 458752K
  class space    used 19208K, committed 20736K, reserved 327680K
}
Event: 9915.439 {metaspace Before GC invocations=27 (full 0):
 Metaspace       used 142973K, committed 144960K, reserved 458752K
  class space    used 19550K, committed 20736K, reserved 327680K
}
Event: 9915.514 {metaspace After GC invocations=28 (full 0):
 Metaspace       used 142973K, committed 144960K, reserved 458752K
  class space    used 19550K, committed 20736K, reserved 327680K
}
Event: 9918.488 {metaspace Before GC invocations=28 (full 0):
 Metaspace       used 149241K, committed 150848K, reserved 458752K
  class space    used 20547K, committed 21248K, reserved 327680K
}
Event: 9918.532 {metaspace After GC invocations=29 (full 0):
 Metaspace       used 149241K, committed 150848K, reserved 458752K
  class space    used 20547K, committed 21248K, reserved 327680K
}
Event: 9919.946 {metaspace Before GC invocations=29 (full 0):
 Metaspace       used 149762K, committed 151360K, reserved 458752K
  class space    used 20590K, committed 21312K, reserved 327680K
}
Event: 9919.996 {metaspace After GC invocations=30 (full 0):
 Metaspace       used 149762K, committed 151360K, reserved 458752K
  class space    used 20590K, committed 21312K, reserved 327680K
}
Event: 9923.536 {metaspace Before GC invocations=31 (full 0):
 Metaspace       used 152101K, committed 153856K, reserved 524288K
  class space    used 20898K, committed 21696K, reserved 327680K
}
Event: 9923.585 {metaspace After GC invocations=32 (full 0):
 Metaspace       used 152101K, committed 153856K, reserved 524288K
  class space    used 20898K, committed 21696K, reserved 327680K
}
Event: 9925.854 {metaspace Before GC invocations=32 (full 0):
 Metaspace       used 155322K, committed 157184K, reserved 524288K
  class space    used 21249K, committed 22080K, reserved 327680K
}
Event: 9925.931 {metaspace After GC invocations=33 (full 0):
 Metaspace       used 155322K, committed 157184K, reserved 524288K
  class space    used 21249K, committed 22080K, reserved 327680K
}
Event: 9932.947 {metaspace Before GC invocations=33 (full 0):
 Metaspace       used 159574K, committed 161664K, reserved 524288K
  class space    used 21883K, committed 22848K, reserved 327680K
}
Event: 9932.997 {metaspace After GC invocations=34 (full 0):
 Metaspace       used 159574K, committed 161664K, reserved 524288K
  class space    used 21883K, committed 22848K, reserved 327680K
}
Event: 9983.746 {metaspace Before GC invocations=35 (full 0):
 Metaspace       used 158524K, committed 161472K, reserved 524288K
  class space    used 21626K, committed 22912K, reserved 327680K
}
Event: 9983.790 {metaspace After GC invocations=36 (full 0):
 Metaspace       used 158524K, committed 161472K, reserved 524288K
  class space    used 21626K, committed 22912K, reserved 327680K
}

Dll operation events (14 events):
Event: 0.016 Loaded shared library C:\Program Files\Eclipse Adoptium\jdk-25.0.3.9-hotspot\bin\java.dll
Event: 0.091 Loaded shared library C:\Program Files\Eclipse Adoptium\jdk-25.0.3.9-hotspot\bin\zip.dll
Event: 0.094 Loaded shared library C:\Program Files\Eclipse Adoptium\jdk-25.0.3.9-hotspot\bin\instrument.dll
Event: 0.098 Loaded shared library C:\Program Files\Eclipse Adoptium\jdk-25.0.3.9-hotspot\bin\net.dll
Event: 0.101 Loaded shared library C:\Program Files\Eclipse Adoptium\jdk-25.0.3.9-hotspot\bin\nio.dll
Event: 0.104 Loaded shared library C:\Program Files\Eclipse Adoptium\jdk-25.0.3.9-hotspot\bin\zip.dll
Event: 0.429 Loaded shared library C:\Program Files\Eclipse Adoptium\jdk-25.0.3.9-hotspot\bin\jimage.dll
Event: 0.661 Loaded shared library C:\Program Files\Eclipse Adoptium\jdk-25.0.3.9-hotspot\bin\verify.dll
Event: 0.695 Loaded shared library C:\Users\ThinkPad\.gradle\native\660c5614fbf4a5f2a75b1949f50a0caf5cd603558e7d8a26e50b933a0cfb79d1\windows-amd64\native-platform.dll
Event: 0.705 Loaded shared library C:\Users\ThinkPad\.gradle\native\0.2.8\x86_64-windows-gnu\gradle-fileevents.dll
Event: 2.039 Loaded shared library C:\Program Files\Eclipse Adoptium\jdk-25.0.3.9-hotspot\bin\management.dll
Event: 2.043 Loaded shared library C:\Program Files\Eclipse Adoptium\jdk-25.0.3.9-hotspot\bin\management_ext.dll
Event: 2.247 Loaded shared library C:\Program Files\Eclipse Adoptium\jdk-25.0.3.9-hotspot\bin\extnet.dll
Event: 2.528 Loaded shared library C:\Program Files\Eclipse Adoptium\jdk-25.0.3.9-hotspot\bin\sunmscapi.dll

Deoptimization events (20 events):
Event: 9984.893 Thread 0x00000115e78e0790 Uncommon trap: trap_request=0xffffff45 fr.pc=0x00000115d76d69dc relative=0x000000000000015c
Event: 9984.893 Thread 0x00000115e78e0790 Uncommon trap: reason=unstable_if action=reinterpret pc=0x00000115d76d69dc method=java.lang.invoke.MethodHandle.isBuiltinLoader(Ljava/lang/ClassLoader;)Z @ 15 c2
Event: 9984.893 Thread 0x00000115e78e0790 DEOPT PACKING pc=0x00000115d76d69dc sp=0x00000006a20f60f0
Event: 9984.893 Thread 0x00000115e78e0790 DEOPT UNPACKING pc=0x00000115d7180502 sp=0x00000006a20f5f98 mode 2
Event: 9985.340 Thread 0x00000115e78e0790 Uncommon trap: trap_request=0xffffff45 fr.pc=0x00000115d780d368 relative=0x00000000000000e8
Event: 9985.340 Thread 0x00000115e78e0790 Uncommon trap: reason=unstable_if action=reinterpret pc=0x00000115d780d368 method=java.lang.invoke.MethodHandle.isBuiltinLoader(Ljava/lang/ClassLoader;)Z @ 15 c2
Event: 9985.340 Thread 0x00000115e78e0790 DEOPT PACKING pc=0x00000115d780d368 sp=0x00000006a20f6a80
Event: 9985.340 Thread 0x00000115e78e0790 DEOPT UNPACKING pc=0x00000115d7180502 sp=0x00000006a20f69b0 mode 2
Event: 9985.374 Thread 0x00000115e78e0790 Uncommon trap: trap_request=0xffffff45 fr.pc=0x00000115d7c95660 relative=0x00000000000016e0
Event: 9985.374 Thread 0x00000115e78e0790 Uncommon trap: reason=unstable_if action=reinterpret pc=0x00000115d7c95660 method=jdk.internal.loader.BuiltinClassLoader.loadClassOrNull(Ljava/lang/String;Z)Ljava/lang/Class; @ 100 c2
Event: 9985.375 Thread 0x00000115e78e0790 DEOPT PACKING pc=0x00000115d7c95660 sp=0x00000006a20f6b70
Event: 9985.375 Thread 0x00000115e78e0790 DEOPT UNPACKING pc=0x00000115d7180502 sp=0x00000006a20f6af8 mode 2
Event: 9985.904 Thread 0x00000115e78e0790 Uncommon trap: trap_request=0xffffff45 fr.pc=0x00000115d7de12bc relative=0x00000000000027bc
Event: 9985.904 Thread 0x00000115e78e0790 Uncommon trap: reason=unstable_if action=reinterpret pc=0x00000115d7de12bc method=java.util.regex.Pattern.split(Ljava/lang/CharSequence;IZ)[Ljava/lang/String; @ 267 c2
Event: 9985.904 Thread 0x00000115e78e0790 DEOPT PACKING pc=0x00000115d7de12bc sp=0x00000006a20f7960
Event: 9985.904 Thread 0x00000115e78e0790 DEOPT UNPACKING pc=0x00000115d7180502 sp=0x00000006a20f7958 mode 2
Event: 9987.097 Thread 0x00000115e78e0790 Uncommon trap: trap_request=0xffffff45 fr.pc=0x00000115d774831c relative=0x000000000000021c
Event: 9987.097 Thread 0x00000115e78e0790 Uncommon trap: reason=unstable_if action=reinterpret pc=0x00000115d774831c method=java.lang.invoke.MemberName.<init>(BLjava/lang/Class;Ljava/lang/String;Ljava/lang/Object;)V @ 8 c2
Event: 9987.097 Thread 0x00000115e78e0790 DEOPT PACKING pc=0x00000115d774831c sp=0x00000006a20f6550
Event: 9987.097 Thread 0x00000115e78e0790 DEOPT UNPACKING pc=0x00000115d7180502 sp=0x00000006a20f64e0 mode 2

Classes loaded (20 events):
Event: 9935.346 Loading class java/util/ArrayListBeanInfo
Event: 9935.346 Loading class java/util/ArrayListBeanInfo done
Event: 9935.346 Loading class java/util/ArrayListCustomizer
Event: 9935.346 Loading class java/util/ArrayListCustomizer done
Event: 9935.346 Loading class java/util/ArrayListCustomizer
Event: 9935.346 Loading class java/util/ArrayListCustomizer done
Event: 9984.853 Loading class java/nio/file/ProviderNotFoundException
Event: 9984.855 Loading class java/nio/file/ProviderNotFoundException done
Event: 9985.340 Loading class java/util/JumboEnumSet
Event: 9985.341 Loading class java/util/JumboEnumSet done
Event: 9985.360 Loading class java/util/JumboEnumSet$EnumSetIterator
Event: 9985.360 Loading class java/util/JumboEnumSet$EnumSetIterator done
Event: 9985.373 Loading class java/util/ResourceBundle$KeyElementReference
Event: 9985.374 Loading class java/util/ResourceBundle$CacheKeyReference
Event: 9985.374 Loading class java/util/ResourceBundle$CacheKeyReference done
Event: 9985.374 Loading class java/util/ResourceBundle$KeyElementReference done
Event: 9985.388 Loading class java/util/ResourceBundle$BundleReference
Event: 9985.389 Loading class java/util/ResourceBundle$BundleReference done
Event: 9985.880 Loading class java/util/ServiceLoader$ProviderSpliterator
Event: 9985.880 Loading class java/util/ServiceLoader$ProviderSpliterator done

Classes unloaded (20 events):
Event: 9933.435 Thread 0x00000115c70bbd80 Unloading class 0x00000000c77dac00 'java/lang/invoke/LambdaForm$MH+0x00000000c77dac00'
Event: 9933.435 Thread 0x00000115c70bbd80 Unloading class 0x00000000c77da800 'java/lang/invoke/LambdaForm$MH+0x00000000c77da800'
Event: 9933.435 Thread 0x00000115c70bbd80 Unloading class 0x00000000c760f400 'java/lang/invoke/LambdaForm$MH+0x00000000c760f400'
Event: 9933.435 Thread 0x00000115c70bbd80 Unloading class 0x00000000c760f000 'java/lang/invoke/LambdaForm$MH+0x00000000c760f000'
Event: 9933.435 Thread 0x00000115c70bbd80 Unloading class 0x00000000c760c800 'java/lang/invoke/LambdaForm$MH+0x00000000c760c800'
Event: 9933.435 Thread 0x00000115c70bbd80 Unloading class 0x00000000c760c400 'java/lang/invoke/LambdaForm$MH+0x00000000c760c400'
Event: 9933.435 Thread 0x00000115c70bbd80 Unloading class 0x00000000c75cb800 'java/lang/invoke/LambdaForm$MH+0x00000000c75cb800'
Event: 9933.435 Thread 0x00000115c70bbd80 Unloading class 0x00000000c75cb400 'java/lang/invoke/LambdaForm$MH+0x00000000c75cb400'
Event: 9933.435 Thread 0x00000115c70bbd80 Unloading class 0x00000000c75ca400 'java/lang/invoke/LambdaForm$MH+0x00000000c75ca400'
Event: 9933.435 Thread 0x00000115c70bbd80 Unloading class 0x00000000c75ca000 'java/lang/invoke/LambdaForm$MH+0x00000000c75ca000'
Event: 9933.435 Thread 0x00000115c70bbd80 Unloading class 0x00000000c757e800 'java/lang/invoke/LambdaForm$MH+0x00000000c757e800'
Event: 9933.435 Thread 0x00000115c70bbd80 Unloading class 0x00000000c757e400 'java/lang/invoke/LambdaForm$MH+0x00000000c757e400'
Event: 9933.435 Thread 0x00000115c70bbd80 Unloading class 0x00000000c756d000 'java/lang/invoke/LambdaForm$MH+0x00000000c756d000'
Event: 9933.435 Thread 0x00000115c70bbd80 Unloading class 0x00000000c756cc00 'java/lang/invoke/LambdaForm$MH+0x00000000c756cc00'
Event: 9933.435 Thread 0x00000115c70bbd80 Unloading class 0x00000000c756c000 'java/lang/invoke/LambdaForm$MH+0x00000000c756c000'
Event: 9933.435 Thread 0x00000115c70bbd80 Unloading class 0x00000000c753cc00 'java/lang/invoke/LambdaForm$MH+0x00000000c753cc00'
Event: 9933.435 Thread 0x00000115c70bbd80 Unloading class 0x00000000c753c000 'java/lang/invoke/LambdaForm$MH+0x00000000c753c000'
Event: 9933.435 Thread 0x00000115c70bbd80 Unloading class 0x00000000c70d4800 'java/lang/invoke/LambdaForm$MH+0x00000000c70d4800'
Event: 9933.435 Thread 0x00000115c70bbd80 Unloading class 0x00000000c70d4400 'java/lang/invoke/LambdaForm$MH+0x00000000c70d4400'
Event: 9933.435 Thread 0x00000115c70bbd80 Unloading class 0x00000000c705cc00 'java/lang/invoke/LambdaForm$MH+0x00000000c705cc00'

Classes redefined (0 events):
No events

Internal exceptions (20 events):
Event: 9983.184 Thread 0x00000115e78e0790 Exception <a 'java/lang/NoSuchMethodError'{0x00000000eb07f378}: static [Lorg/gradle/tooling/BuildAction;.<clinit>()V> (0x00000000eb07f378) 
thrown [s\src\hotspot\share\prims\jni.cpp, line 1106]
Event: 9983.185 Thread 0x00000115e78e0790 Exception <a 'java/lang/NoSuchMethodError'{0x00000000eb089390}: static Lorg/eclipse/buildship/core/internal/workspace/TellGradleToRunSynchronizationTasks;.<clinit>()V> (0x00000000eb089390) 
thrown [s\src\hotspot\share\prims\jni.cpp, line 1106]
Event: 9983.377 Thread 0x00000115e78e0790 Exception <a 'sun/nio/fs/WindowsException'{0x00000000eafbbb00}> (0x00000000eafbbb00) 
thrown [s\src\hotspot\share\prims\jni.cpp, line 516]
Event: 9983.378 Thread 0x00000115e78e0790 Exception <a 'sun/nio/fs/WindowsException'{0x00000000eafbd280}> (0x00000000eafbd280) 
thrown [s\src\hotspot\share\prims\jni.cpp, line 516]
Event: 9983.378 Thread 0x00000115e78e0790 Exception <a 'sun/nio/fs/WindowsException'{0x00000000eafbe9f8}> (0x00000000eafbe9f8) 
thrown [s\src\hotspot\share\prims\jni.cpp, line 516]
Event: 9983.379 Thread 0x00000115e78e0790 Exception <a 'sun/nio/fs/WindowsException'{0x00000000eafc0168}> (0x00000000eafc0168) 
thrown [s\src\hotspot\share\prims\jni.cpp, line 516]
Event: 9984.292 Thread 0x00000115e78e0790 Exception <a 'sun/nio/fs/WindowsException'{0x00000000ef4d8888}> (0x00000000ef4d8888) 
thrown [s\src\hotspot\share\prims\jni.cpp, line 516]
Event: 9984.292 Thread 0x00000115e78e0790 Exception <a 'sun/nio/fs/WindowsException'{0x00000000ef4da1c0}> (0x00000000ef4da1c0) 
thrown [s\src\hotspot\share\prims\jni.cpp, line 516]
Event: 9984.292 Thread 0x00000115e78e0790 Exception <a 'sun/nio/fs/WindowsException'{0x00000000ef4dc758}> (0x00000000ef4dc758) 
thrown [s\src\hotspot\share\prims\jni.cpp, line 516]
Event: 9985.775 Thread 0x00000115e78e0790 Exception <a 'java/lang/NoSuchMethodError'{0x00000000ef0c79b8}: 'java.lang.Object java.lang.invoke.DirectMethodHandle$Holder.newInvokeSpecial(java.lang.Object, java.lang.Object, java.lang.Object, int, int)'> (0x00000000ef0c79b8) 
thrown [s\src\hotspot\share\interpreter\linkResolver.cpp, line 804]
Event: 9985.776 Thread 0x00000115e78e0790 Exception <a 'java/lang/NoSuchMethodError'{0x00000000ef0d8e80}: 'java.lang.Object java.lang.invoke.Invokers$Holder.linkToTargetMethod(java.lang.Object, java.lang.Object, int, int, java.lang.Object)'> (0x00000000ef0d8e80) 
thrown [s\src\hotspot\share\interpreter\linkResolver.cpp, line 804]
Event: 9985.788 Thread 0x00000115e78e0790 Exception <a 'java/lang/NoSuchMethodError'{0x00000000eef18c90}: 'java.lang.Object java.lang.invoke.Invokers$Holder.linkToTargetMethod(java.lang.Object, java.lang.Object, java.lang.Object, int, int, java.lang.Object, java.lang.Object)'> (0x00000000eef18c90) 
thrown [s\src\hotspot\share\interpreter\linkResolver.cpp, line 804]
Event: 9985.791 Thread 0x00000115e78e0790 Exception <a 'java/io/IOException'{0x00000000eef2d4b8}> (0x00000000eef2d4b8) 
thrown [s\src\hotspot\share\prims\jni.cpp, line 516]
Event: 9985.792 Thread 0x00000115e78e0790 Exception <a 'java/io/IOException'{0x00000000eef2ec70}> (0x00000000eef2ec70) 
thrown [s\src\hotspot\share\prims\jni.cpp, line 516]
Event: 9985.793 Thread 0x00000115e78e0790 Exception <a 'java/io/IOException'{0x00000000eef30418}> (0x00000000eef30418) 
thrown [s\src\hotspot\share\prims\jni.cpp, line 516]
Event: 9986.097 Thread 0x00000115e78e0790 Exception <a 'java/lang/NoSuchMethodError'{0x00000000eee1d738}: 'java.lang.Object java.lang.invoke.DirectMethodHandle$Holder.newInvokeSpecial(java.lang.Object, java.lang.Object, java.lang.Object, java.lang.Object, int, int)'> (0x00000000eee1d738) 
thrown [s\src\hotspot\share\interpreter\linkResolver.cpp, line 804]
Event: 9986.103 Thread 0x00000115e78e0790 Exception <a 'java/lang/NoSuchMethodError'{0x00000000eee271e0}: 'java.lang.Object java.lang.invoke.DirectMethodHandle$Holder.invokeSpecial(java.lang.Object, java.lang.Object, java.lang.Object, java.lang.Object, java.lang.Object, int, int)'> (0x00000000eee271e0) 
thrown [s\src\hotspot\share\interpreter\linkResolver.cpp, line 804]
Event: 9986.103 Thread 0x00000115e78e0790 Exception <a 'java/lang/NoSuchMethodError'{0x00000000eee30310}: 'java.lang.Object java.lang.invoke.Invokers$Holder.linkToTargetMethod(java.lang.Object, java.lang.Object, java.lang.Object, int, int, java.lang.Object)'> (0x00000000eee30310) 
thrown [s\src\hotspot\share\interpreter\linkResolver.cpp, line 804]
Event: 9986.121 Thread 0x00000115e78e0790 Exception <a 'sun/nio/fs/WindowsException'{0x00000000eee97148}> (0x00000000eee97148) 
thrown [s\src\hotspot\share\prims\jni.cpp, line 516]
Event: 9986.123 Thread 0x00000115e78e0790 Exception <a 'sun/nio/fs/WindowsException'{0x00000000eee9a3a0}> (0x00000000eee9a3a0) 
thrown [s\src\hotspot\share\prims\jni.cpp, line 516]

VM Operations (20 events):
Event: 9930.518 Executing non-safepoint VM operation: HandshakeAllThreads (Deoptimize)
Event: 9930.518 Executing non-safepoint VM operation: HandshakeAllThreads (Deoptimize) done
Event: 9932.947 Executing safepoint VM operation: G1CollectForAllocation (G1 Evacuation Pause)
Event: 9932.997 Executing safepoint VM operation: G1CollectForAllocation (G1 Evacuation Pause) done
Event: 9933.432 Executing safepoint VM operation: G1PauseRemark
Event: 9933.472 Executing safepoint VM operation: G1PauseRemark done
Event: 9933.705 Executing safepoint VM operation: G1PauseCleanup
Event: 9933.709 Executing safepoint VM operation: G1PauseCleanup done
Event: 9982.859 Executing non-safepoint VM operation: HandshakeAllThreads (HandshakeForDeflation)
Event: 9982.859 Executing non-safepoint VM operation: HandshakeAllThreads (HandshakeForDeflation) done
Event: 9982.859 Executing non-safepoint VM operation: RendezvousGCThreads
Event: 9982.859 Executing non-safepoint VM operation: RendezvousGCThreads done
Event: 9983.746 Executing safepoint VM operation: G1CollectForAllocation (G1 Evacuation Pause)
Event: 9983.790 Executing safepoint VM operation: G1CollectForAllocation (G1 Evacuation Pause) done
Event: 9985.344 Executing non-safepoint VM operation: HandshakeAllThreads (Deoptimize)
Event: 9985.344 Executing non-safepoint VM operation: HandshakeAllThreads (Deoptimize) done
Event: 9985.751 Executing non-safepoint VM operation: HandshakeAllThreads (Deoptimize)
Event: 9985.751 Executing non-safepoint VM operation: HandshakeAllThreads (Deoptimize) done
Event: 9985.903 Executing non-safepoint VM operation: HandshakeAllThreads (Deoptimize)
Event: 9985.904 Executing non-safepoint VM operation: HandshakeAllThreads (Deoptimize) done

Memory protections (0 events):
No events

Nmethod flushes (20 events):
Event: 9933.464 Thread 0x00000115c70bbd80 flushing  nmethod 0x00000115d12fe408
Event: 9933.464 Thread 0x00000115c70bbd80 flushing  nmethod 0x00000115d12fe708
Event: 9933.464 Thread 0x00000115c70bbd80 flushing  nmethod 0x00000115d1322488
Event: 9933.464 Thread 0x00000115c70bbd80 flushing  nmethod 0x00000115d1324708
Event: 9933.464 Thread 0x00000115c70bbd80 flushing  nmethod 0x00000115d1324b88
Event: 9933.464 Thread 0x00000115c70bbd80 flushing  nmethod 0x00000115d1325808
Event: 9933.464 Thread 0x00000115c70bbd80 flushing  nmethod 0x00000115d1326588
Event: 9933.464 Thread 0x00000115c70bbd80 flushing  nmethod 0x00000115d133ae88
Event: 9933.464 Thread 0x00000115c70bbd80 flushing  nmethod 0x00000115d1349188
Event: 9933.464 Thread 0x00000115c70bbd80 flushing  nmethod 0x00000115d1349908
Event: 9933.464 Thread 0x00000115c70bbd80 flushing  nmethod 0x00000115d134bd08
Event: 9933.464 Thread 0x00000115c70bbd80 flushing  nmethod 0x00000115d134c608
Event: 9933.464 Thread 0x00000115c70bbd80 flushing  nmethod 0x00000115d134c988
Event: 9933.464 Thread 0x00000115c70bbd80 flushing  nmethod 0x00000115d134d308
Event: 9933.464 Thread 0x00000115c70bbd80 flushing  nmethod 0x00000115d1354f08
Event: 9933.464 Thread 0x00000115c70bbd80 flushing  nmethod 0x00000115d13f6488
Event: 9933.464 Thread 0x00000115c70bbd80 flushing  nmethod 0x00000115d13f6e88
Event: 9933.464 Thread 0x00000115c70bbd80 flushing  nmethod 0x00000115d13f7b08
Event: 9933.464 Thread 0x00000115c70bbd80 flushing  nmethod 0x00000115d13fa588
Event: 9933.464 Thread 0x00000115c70bbd80 flushing  nmethod 0x00000115d1502908

Events (20 events):
Event: 9935.463 Thread 0x00000115eb715710 Thread exited: 0x00000115eb715710
Event: 9935.477 Thread 0x00000115917e5cf0 Thread exited: 0x00000115917e5cf0
Event: 9935.479 Thread 0x00000115917e4d50 Thread exited: 0x00000115917e4d50
Event: 9935.492 Thread 0x00000115917e93a0 Thread exited: 0x00000115917e93a0
Event: 9935.510 Thread 0x00000115917e8bd0 Thread exited: 0x00000115917e8bd0
Event: 9935.512 Thread 0x00000115917e7c30 Thread exited: 0x00000115917e7c30
Event: 9940.760 Thread 0x00000115e6cd8100 Thread exited: 0x00000115e6cd8100
Event: 9968.781 Thread 0x00000115e78df020 Thread added: 0x00000115eb717e20
Event: 9982.925 Thread 0x00000115e78e3e40 Thread added: 0x00000115eb713fa0
Event: 9982.985 Thread 0x00000115e78e3e40 Thread added: 0x00000115eb71a530
Event: 9982.995 Thread 0x00000115e78e0790 Thread added: 0x00000115eb719590
Event: 9982.995 Thread 0x00000115e78e0790 Thread added: 0x00000115eb715710
Event: 9982.996 Thread 0x00000115e78e0790 Thread added: 0x00000115eb713000
Event: 9983.024 Thread 0x00000115e78e0790 Thread added: 0x00000115eb71f350
Event: 9983.137 Thread 0x00000115e78e0790 Thread added: 0x00000115eb71b4d0
Event: 9983.190 Thread 0x00000115e78e0790 Thread added: 0x00000115917e8400
Event: 9983.245 Thread 0x00000115e78e0790 Thread added: 0x00000115917ea340
Event: 9983.258 Thread 0x00000115e78e0790 Thread added: 0x00000115917eb2e0
Event: 9983.536 Thread 0x00000115e78e0790 Thread added: 0x00000115917e7c30
Event: 9983.560 Thread 0x00000115e78e0790 Thread added: 0x00000115917e8bd0


Dynamic libraries:
0x00007ff7e4b70000 - 0x00007ff7e4b7e000 	C:\Program Files\Eclipse Adoptium\jdk-25.0.3.9-hotspot\bin\java.exe
0x00007ffb8a0f0000 - 0x00007ffb8a2e8000 	C:\Windows\SYSTEM32\ntdll.dll
0x00007ffb89c00000 - 0x00007ffb89cc2000 	C:\Windows\System32\KERNEL32.DLL
0x00007ffb87b60000 - 0x00007ffb87e56000 	C:\Windows\System32\KERNELBASE.dll
0x00007ffb87980000 - 0x00007ffb87a80000 	C:\Windows\System32\ucrtbase.dll
0x00007ffb6ae20000 - 0x00007ffb6ae3e000 	C:\Program Files\Eclipse Adoptium\jdk-25.0.3.9-hotspot\bin\VCRUNTIME140.dll
0x00007ffb768c0000 - 0x00007ffb768d6000 	C:\Program Files\Eclipse Adoptium\jdk-25.0.3.9-hotspot\bin\jli.dll
0x00007ffb882c0000 - 0x00007ffb88461000 	C:\Windows\System32\USER32.dll
0x00007ffb87820000 - 0x00007ffb87842000 	C:\Windows\System32\win32u.dll
0x00007ffb73770000 - 0x00007ffb73a0b000 	C:\Windows\WinSxS\amd64_microsoft.windows.common-controls_6595b64144ccf1df_6.0.19041.6456_none_60b8a6cb71f64256\COMCTL32.dll
0x00007ffb89dc0000 - 0x00007ffb89deb000 	C:\Windows\System32\GDI32.dll
0x00007ffb89ef0000 - 0x00007ffb89f8e000 	C:\Windows\System32\msvcrt.dll
0x00007ffb87e60000 - 0x00007ffb87f79000 	C:\Windows\System32\gdi32full.dll
0x00007ffb87780000 - 0x00007ffb8781d000 	C:\Windows\System32\msvcp_win.dll
0x00007ffb89cd0000 - 0x00007ffb89cff000 	C:\Windows\System32\IMM32.DLL
0x00007ffb768b0000 - 0x00007ffb768bc000 	C:\Program Files\Eclipse Adoptium\jdk-25.0.3.9-hotspot\bin\vcruntime140_1.dll
0x00007ffb4ca10000 - 0x00007ffb4ca9d000 	C:\Program Files\Eclipse Adoptium\jdk-25.0.3.9-hotspot\bin\msvcp140.dll
0x00007ffb2f210000 - 0x00007ffb3013a000 	C:\Program Files\Eclipse Adoptium\jdk-25.0.3.9-hotspot\bin\server\jvm.dll
0x00007ffb895e0000 - 0x00007ffb89691000 	C:\Windows\System32\ADVAPI32.dll
0x00007ffb89df0000 - 0x00007ffb89e8f000 	C:\Windows\System32\sechost.dll
0x00007ffb894c0000 - 0x00007ffb895e0000 	C:\Windows\System32\RPCRT4.dll
0x00007ffb87f80000 - 0x00007ffb87fa7000 	C:\Windows\System32\bcrypt.dll
0x00007ffb892f0000 - 0x00007ffb8935b000 	C:\Windows\System32\WS2_32.dll
0x00007ffb73690000 - 0x00007ffb736b7000 	C:\Windows\SYSTEM32\WINMM.dll
0x00007ffb811c0000 - 0x00007ffb811ca000 	C:\Windows\SYSTEM32\VERSION.dll
0x00007ffb86c80000 - 0x00007ffb86ccb000 	C:\Windows\SYSTEM32\POWRPROF.dll
0x00007ffb86b40000 - 0x00007ffb86b52000 	C:\Windows\SYSTEM32\UMPDC.dll
0x00007ffb855b0000 - 0x00007ffb855c2000 	C:\Windows\SYSTEM32\kernel.appcore.dll
0x00007ffb6b6a0000 - 0x00007ffb6b6aa000 	C:\Program Files\Eclipse Adoptium\jdk-25.0.3.9-hotspot\bin\jimage.dll
0x00007ffb72f60000 - 0x00007ffb73161000 	C:\Windows\SYSTEM32\DBGHELP.DLL
0x00007ffb672e0000 - 0x00007ffb67314000 	C:\Windows\SYSTEM32\dbgcore.DLL
0x00007ffb87ad0000 - 0x00007ffb87b52000 	C:\Windows\System32\bcryptPrimitives.dll
0x00007ffb60c20000 - 0x00007ffb60c2f000 	C:\Program Files\Eclipse Adoptium\jdk-25.0.3.9-hotspot\bin\instrument.dll
0x00007ffb5de10000 - 0x00007ffb5de2e000 	C:\Program Files\Eclipse Adoptium\jdk-25.0.3.9-hotspot\bin\java.dll
0x00007ffb896a0000 - 0x00007ffb897cb000 	C:\Windows\System32\ole32.dll
0x00007ffb897d0000 - 0x00007ffb89b24000 	C:\Windows\System32\combase.dll
0x00007ffb884d0000 - 0x00007ffb88c40000 	C:\Windows\System32\SHELL32.dll
0x00007ffb857b0000 - 0x00007ffb85f55000 	C:\Windows\SYSTEM32\windows.storage.dll
0x00007ffb870d0000 - 0x00007ffb870fb000 	C:\Windows\SYSTEM32\Wldp.dll
0x00007ffb89b30000 - 0x00007ffb89bfd000 	C:\Windows\System32\OLEAUT32.dll
0x00007ffb89230000 - 0x00007ffb892dd000 	C:\Windows\System32\SHCORE.dll
0x00007ffb89e90000 - 0x00007ffb89eeb000 	C:\Windows\System32\shlwapi.dll
0x00007ffb876b0000 - 0x00007ffb876d4000 	C:\Windows\SYSTEM32\profapi.dll
0x00007ffb5b5d0000 - 0x00007ffb5b5e6000 	C:\Program Files\Eclipse Adoptium\jdk-25.0.3.9-hotspot\bin\zip.dll
0x00007ffb5ddf0000 - 0x00007ffb5de01000 	C:\Program Files\Eclipse Adoptium\jdk-25.0.3.9-hotspot\bin\net.dll
0x00007ffb86eb0000 - 0x00007ffb86f1a000 	C:\Windows\system32\mswsock.dll
0x00007ffb5ddd0000 - 0x00007ffb5dde6000 	C:\Program Files\Eclipse Adoptium\jdk-25.0.3.9-hotspot\bin\nio.dll
0x00007ffb68bf0000 - 0x00007ffb68c00000 	C:\Program Files\Eclipse Adoptium\jdk-25.0.3.9-hotspot\bin\verify.dll
0x00007ffb557b0000 - 0x00007ffb557d7000 	C:\Users\ThinkPad\.gradle\native\660c5614fbf4a5f2a75b1949f50a0caf5cd603558e7d8a26e50b933a0cfb79d1\windows-amd64\native-platform.dll
0x00007ffb47230000 - 0x00007ffb472a7000 	C:\Users\ThinkPad\.gradle\native\0.2.8\x86_64-windows-gnu\gradle-fileevents.dll
0x00007ffb6a9b0000 - 0x00007ffb6a9ba000 	C:\Program Files\Eclipse Adoptium\jdk-25.0.3.9-hotspot\bin\management.dll
0x00007ffb68f40000 - 0x00007ffb68f4c000 	C:\Program Files\Eclipse Adoptium\jdk-25.0.3.9-hotspot\bin\management_ext.dll
0x00007ffb89db0000 - 0x00007ffb89db8000 	C:\Windows\System32\PSAPI.DLL
0x00007ffb86b60000 - 0x00007ffb86b9b000 	C:\Windows\SYSTEM32\IPHLPAPI.DLL
0x00007ffb892e0000 - 0x00007ffb892e8000 	C:\Windows\System32\NSI.dll
0x00007ffb67ce0000 - 0x00007ffb67ce9000 	C:\Program Files\Eclipse Adoptium\jdk-25.0.3.9-hotspot\bin\extnet.dll
0x00007ffb87110000 - 0x00007ffb87128000 	C:\Windows\SYSTEM32\CRYPTSP.dll
0x00007ffb86780000 - 0x00007ffb867b8000 	C:\Windows\system32\rsaenh.dll
0x00007ffb87630000 - 0x00007ffb8765e000 	C:\Windows\SYSTEM32\USERENV.dll
0x00007ffb87040000 - 0x00007ffb8704c000 	C:\Windows\SYSTEM32\CRYPTBASE.dll
0x00007ffb5fa90000 - 0x00007ffb5fa9e000 	C:\Program Files\Eclipse Adoptium\jdk-25.0.3.9-hotspot\bin\sunmscapi.dll
0x00007ffb87fb0000 - 0x00007ffb8810d000 	C:\Windows\System32\CRYPT32.dll
0x00007ffb87220000 - 0x00007ffb87247000 	C:\Windows\SYSTEM32\ncrypt.dll
0x00007ffb871e0000 - 0x00007ffb8721b000 	C:\Windows\SYSTEM32\NTASN1.dll
0x00007ffb83990000 - 0x00007ffb83997000 	C:\Windows\system32\wshunix.dll
0x00007ffb86bb0000 - 0x00007ffb86c7a000 	C:\Windows\SYSTEM32\DNSAPI.dll
0x00007ffb805c0000 - 0x00007ffb805ca000 	C:\Windows\System32\rasadhlp.dll
0x00007ffb77d30000 - 0x00007ffb77db0000 	C:\Windows\System32\fwpuclnt.dll
0x00007ffb83ca0000 - 0x00007ffb83d34000 	C:\Windows\system32\apphelp.dll
0x00007ffb869d0000 - 0x00007ffb86a03000 	C:\Windows\SYSTEM32\ntmarta.dll

JVMTI agents:
C:\Users\ThinkPad\.gradle\wrapper\dists\gradle-9.2.0-bin\11i5gvueggl8a5cioxuftxrik\gradle-9.2.0\lib\agents\gradle-instrumentation-agent-9.2.0.jar path:C:\Program Files\Eclipse Adoptium\jdk-25.0.3.9-hotspot\bin\instrument.dll, loaded, initialized, instrumentlib options:none

dbghelp: loaded successfully - version: 4.0.5 - missing functions: none
symbol engine: initialized successfully - sym options: 0x614 - pdb path: .;C:\Program Files\Eclipse Adoptium\jdk-25.0.3.9-hotspot\bin;C:\Windows\SYSTEM32;C:\Windows\WinSxS\amd64_microsoft.windows.common-controls_6595b64144ccf1df_6.0.19041.6456_none_60b8a6cb71f64256;C:\Program Files\Eclipse Adoptium\jdk-25.0.3.9-hotspot\bin\server;C:\Users\ThinkPad\.gradle\native\660c5614fbf4a5f2a75b1949f50a0caf5cd603558e7d8a26e50b933a0cfb79d1\windows-amd64;C:\Users\ThinkPad\.gradle\native\0.2.8\x86_64-windows-gnu

VM Arguments:
jvm_args: --add-opens=java.base/java.lang=ALL-UNNAMED --add-opens=java.base/java.lang.invoke=ALL-UNNAMED --add-opens=java.base/java.util=ALL-UNNAMED --add-opens=java.prefs/java.util.prefs=ALL-UNNAMED --add-exports=jdk.compiler/com.sun.tools.javac.api=ALL-UNNAMED --add-exports=jdk.compiler/com.sun.tools.javac.util=ALL-UNNAMED --add-opens=java.base/java.util=ALL-UNNAMED --add-opens=java.prefs/java.util.prefs=ALL-UNNAMED --add-opens=java.base/java.nio.charset=ALL-UNNAMED --add-opens=java.base/java.net=ALL-UNNAMED --add-opens=java.base/java.util.concurrent=ALL-UNNAMED --add-opens=java.base/java.util.concurrent.atomic=ALL-UNNAMED --add-opens=java.xml/javax.xml.namespace=ALL-UNNAMED --add-opens=java.base/java.time=ALL-UNNAMED --enable-native-access=ALL-UNNAMED -XX:MaxMetaspaceSize=384m -XX:+HeapDumpOnOutOfMemoryError -Xms256m -Xmx512m -Dfile.encoding=UTF-8 -Duser.country=DE -Duser.language=de -Duser.variant -javaagent:C:\Users\ThinkPad\.gradle\wrapper\dists\gradle-9.2.0-bin\11i5gvueggl8a5cioxuftxrik\gradle-9.2.0\lib\agents\gradle-instrumentation-agent-9.2.0.jar 
java_command: org.gradle.launcher.daemon.bootstrap.GradleDaemon 9.2.0
java_class_path (initial): C:\Users\ThinkPad\.gradle\wrapper\dists\gradle-9.2.0-bin\11i5gvueggl8a5cioxuftxrik\gradle-9.2.0\lib\gradle-daemon-main-9.2.0.jar
Launcher Type: SUN_STANDARD

[Global flags]
     intx CICompilerCount                          = 3                                         {product} {ergonomic}
   size_t CompressedClassSpaceSize                 = 335544320                                 {product} {ergonomic}
     uint ConcGCThreads                            = 1                                         {product} {ergonomic}
     uint G1ConcRefinementThreads                  = 4                                         {product} {ergonomic}
   size_t G1HeapRegionSize                         = 1048576                                   {product} {ergonomic}
     bool HeapDumpOnOutOfMemoryError               = true                                   {manageable} {command line}
   size_t InitialHeapSize                          = 268435456                                 {product} {command line}
   size_t MarkStackSize                            = 4194304                                   {product} {ergonomic}
   size_t MarkStackSizeMax                         = 536870912                                 {product} {ergonomic}
   size_t MaxHeapSize                              = 536870912                                 {product} {command line}
   size_t MaxMetaspaceSize                         = 402653184                                 {product} {command line}
   size_t MaxNewSize                               = 321912832                                 {product} {ergonomic}
   size_t MinHeapDeltaBytes                        = 1048576                                   {product} {ergonomic}
   size_t MinHeapSize                              = 268435456                                 {product} {command line}
    uintx NonNMethodCodeHeapSize                   = 5898240                                {pd product} {ergonomic}
    uintx NonProfiledCodeHeapSize                  = 122945536                              {pd product} {ergonomic}
    uintx ProfiledCodeHeapSize                     = 122945536                              {pd product} {ergonomic}
    uintx ReservedCodeCacheSize                    = 251789312                              {pd product} {ergonomic}
     bool SegmentedCodeCache                       = true                                      {product} {ergonomic}
   size_t SoftMaxHeapSize                          = 536870912                              {manageable} {ergonomic}
     bool UseCompressedOops                        = true                           {product lp64_product} {ergonomic}
     bool UseG1GC                                  = true                                      {product} {ergonomic}
     bool UseLargePagesIndividualAllocation        = false                                  {pd product} {ergonomic}

Logging:
Log output configuration:
 #0: stdout all=warning uptime,level,tags foldmultilines=false
 #1: stderr all=off uptime,level,tags foldmultilines=false

Release file:
IMPLEMENTOR="Eclipse Adoptium" 
IMPLEMENTOR_VERSION="Temurin-25.0.3+9" 
JAVA_RUNTIME_VERSION="25.0.3+9-LTS" 
JAVA_VERSION="25.0.3" 
JAVA_VERSION_DATE="2026-04-21" 
LIBC="default" 
MODULES="java.base java.compiler java.datatransfer java.xml java.prefs java.desktop java.instrument java.logging java.management java.security.sasl java.naming java.rmi java.management.rmi java.net.http java.scripting java.security.jgss java.transaction.xa java.sql java.sql.rowset java.xml.crypto java.se java.smartcardio jdk.accessibility jdk.internal.jvmstat jdk.attach jdk.charsets jdk.internal.opt jdk.zipfs jdk.compiler jdk.crypto.cryptoki jdk.crypto.ec jdk.crypto.mscapi jdk.dynalink jdk.internal.ed jdk.editpad jdk.internal.vm.ci jdk.graal.compiler jdk.graal.compiler.management jdk.hotspot.agent jdk.httpserver jdk.incubator.vector jdk.internal.le jdk.internal.md jdk.jartool jdk.javadoc jdk.jcmd jdk.management jdk.management.agent jdk.jconsole jdk.jdeps jdk.jdwp.agent jdk.jdi jdk.jfr jdk.jlink jdk.jpackage jdk.jshell jdk.jsobject jdk.jstatd jdk.localedata jdk.management.jfr jdk.naming.dns jdk.naming.rmi jdk.net jdk.nio.mapmode jdk.sctp jdk.security.auth jdk.security.jgss jdk.unsupported jdk.unsupported.desktop jdk.xml.dom" 
OS_ARCH="x86_64" 
OS_NAME="Windows" 
SOURCE=".:git:cda0a1776184" 
BUILD_SOURCE="git:a612825ee82a20ac872d60958c349854c1f29a8e"
BUILD_SOURCE_REPO="https://github.com/adoptium/temurin-build.git"
SOURCE_REPO="https://github.com/adoptium/jdk25u.git"
FULL_VERSION="25.0.3+9-LTS"
SEMANTIC_VERSION="25.0.3+9"
BUILD_INFO="OS: Windows Server 2022 Version: 10.0"
JVM_VARIANT="Hotspot"
JVM_VERSION="25.0.3+9-LTS"
IMAGE_TYPE="JDK"

Environment Variables:
JAVA_HOME=C:\Program Files\Eclipse Adoptium\jdk-25.0.3.9-hotspot
PATH=C:\Program Files\Eclipse Adoptium\jdk-25.0.3.9-hotspot\bin;c:\Users\ThinkPad\AppData\Roaming\Code\User\globalStorage\github.copilot-chat\debugCommand;c:\Users\ThinkPad\AppData\Roaming\Code\User\globalStorage\github.copilot-chat\copilotCli;C:\Program Files (x86)\Rockwell Software\RSCommon;C:\TwinCAT\Common64;C:\TwinCAT\Common32;C:\Python313\Scripts\;C:\Python313\;C:\Program Files (x86)\VMware\VMware Workstation\bin\;C:\Program Files\Common Files\Siemens\Automation\Simatic OAM\bin;C:\mingw64\bin;C:\TDM-GCC-64\bin;C:\Program Files\nodejs;C:\Program Files\Git\bin;C:\Program Files\Microsoft SQL Server\Client SDK\ODBC\170\Tools\Binn\;C:\Program Files (x86)\Microsoft SQL Server\150\Tools\Binn\;C:\Program Files\Microsoft SQL Server\150\Tools\Binn\;C:\Program Files\Microsoft SQL Server\150\DTS\Binn\;C:\Program Files (x86)\Common Files\Siemens\;C:\Program Files (x86)\Common Files\Siemens\Interfaces;C:\Program Files (x86)\Common Files\Siemens\ACE\Interfaces;C:\protoc-27.2-win64\bin;D:\DeltaTau\PowerPMACSim\opt\ppmac\MinGW\bin;C:\ProgramData\chocolatey\bin;C:\Program Files\Graphviz\bin;C:\Program Files\Go\bin;C:\Windows\System32\WindowsPowerShell\v1.0\;C:\Windows\System32\;C:\ProgramData\chocolatey\bin;C:\Program Files\Erlang OTP\bin;C:\Program Files\Elixir\bin;C:\Program Files\nodejs\;C:\Program Files\PostgreSQL\18\bin;C:\Program Files (x86)\Common Files\Rockwell\;C:\Users\ThinkPad\AppData\Local\.meteor;C:\Users\ThinkPad\.cargo\bin;C:\Users\ThinkPad\AppData\Local\Programs\Python\Python312\Scripts\;C:\Users\ThinkPad\AppData\Local\Programs\Python\Python312\;C:\Users\ThinkPad\AppData\Local\Microsoft\WindowsApps;C:\Program Files\JetBrains\IntelliJ IDEA 2023.3.4\bin;C:\Windows\system32;C:\Users\ThinkPad\AppData\Local\Programs\Microsoft VS Code\bin;C:\Users\ThinkPad\go\bin;C:\Program Files\Git\usr\bin\;C:\Users\ThinkPad\AppData\Roaming\npm;C:\Programme\PostgreSQL\18\bin;C:\Users\ThinkPad\AppData\Local\Muse Hub\lib;c:\Users\ThinkPad\.vscode\extensions\vscjava.vscode-java-debug-0.59.0\bundled\scripts\noConfigScripts
USERNAME=ThinkPad
LANG=en_US.UTF-8
OS=Windows_NT
PROCESSOR_IDENTIFIER=Intel64 Family 6 Model 78 Stepping 3, GenuineIntel
TMP=C:\Users\ThinkPad\AppData\Local\Temp
TEMP=C:\Users\ThinkPad\AppData\Local\Temp




Compilation memory statistics disabled.

Periodic native trim disabled

---------------  S Y S T E M  ---------------

OS:
 Windows 10 , 64 bit Build 19041 (10.0.19041.5915)
OS uptime: 8 days 1:57 hours
Hyper-V role detected

CPU: total 4 (initial active 4) (2 cores per cpu, 2 threads per core) family 6 model 78 stepping 3 microcode 0xcc, cx8, cmov, fxsr, ht, mmx, 3dnowpref, sse, sse2, sse3, ssse3, sse4.1, sse4.2, popcnt, lzcnt, tsc, tscinvbit, avx, avx2, aes, erms, clmul, bmi1, bmi2, rtm, adx, fma, vzeroupper, clflush, clflushopt, hv, rdtscp, f16c
Processor Information for the first 4 processors :
  Max Mhz: 2808, Current Mhz: 2607, Mhz Limit: 2583

Memory: 4k page, system-wide physical 16251M (600M free)
TotalPageFile size 46760M (AvailPageFile size 0M)
current process WorkingSet (physical memory assigned to process): 612M, peak: 639M
current process commit charge ("private bytes"): 674M, peak: 721M

vm_info: OpenJDK 64-Bit Server VM (25.0.3+9-LTS) for windows-amd64 JRE (25.0.3+9-LTS), built on 2026-04-21T00:00:00Z with MS VC++ 17.12 (VS2022)

END.
